Options for the verification:
  Generating no trace
  Search order is breadth first
  Using conservative space optimisation
  Seed is 1783253253
  State space representation uses minimal constraint systems with future testing
  Using HashMap + Compress integers for discrete state storage
[2K
Verifying formula 1 at /nta/queries/query[1]/formula
 -- Formula: simulate[<=700]{Factory_Pipeline_robot1_def.s1_start, Factory_Pipeline_robot1_def.s1_end, Factory_Pipeline_robot1_def.s2_start, Factory_Pipeline_robot1_def.s2_end, Factory_Pipeline_robot1_def.s3_start, Factory_Pipeline_robot1_def.s3_end, Factory_Pipeline_robot1_def.s4_start, Factory_Pipeline_robot1_def.s4_end, Factory_Pipeline_robot1_def.s5_start, Factory_Pipeline_robot1_def.s5_end, Factory_Pipeline_robot1_def.s6_start, Factory_Pipeline_robot1_def.s6_end, Factory_Pipeline.end}
[2K -- Formula is satisfied.
Factory_Pipeline_robot1_def.s1_start:
[0]: (0,0) (0,1) (0,0) (700,0)
Factory_Pipeline_robot1_def.s1_end:
[0]: (0,0) (372.5707963267949,0) (372.5707963267949,1) (372.5707963267949,0) (700,0)
Factory_Pipeline_robot1_def.s2_start:
[0]: (0,0) (372.5707963267949,0) (372.5707963267949,1) (372.5707963267949,0) (700,0)
Factory_Pipeline_robot1_def.s2_end:
[0]: (0,0) (520.1389610807171,0) (520.1389610807171,1) (521.1389610807171,1) (521.1389610807171,0) (700,0)
Factory_Pipeline_robot1_def.s3_start:
[0]: (0,0) (521.1389610807171,0) (521.1389610807171,1) (521.1389610807171,0) (700,0)
Factory_Pipeline_robot1_def.s3_end:
[0]: (0,0) (700,0)
Factory_Pipeline_robot1_def.s4_start:
[0]: (0,0) (700,0)
Factory_Pipeline_robot1_def.s4_end:
[0]: (0,0) (700,0)
Factory_Pipeline_robot1_def.s5_start:
[0]: (0,0) (700,0)
Factory_Pipeline_robot1_def.s5_end:
[0]: (0,0) (700,0)
Factory_Pipeline_robot1_def.s6_start:
[0]: (0,0) (700,0)
Factory_Pipeline_robot1_def.s6_end:
[0]: (0,0) (700,0)
Factory_Pipeline.end:
[0]: (0,0) (700,0)
[2K
Verifying formula 2 at /nta/queries/query[2]/formula
 -- Formula: simulate[<=700]{Factory_Pipeline_robot2_def.s1_start, Factory_Pipeline_robot2_def.s1_end, Factory_Pipeline_robot2_def.s2_start, Factory_Pipeline_robot2_def.s2_end, Factory_Pipeline_robot2_def.s3_start, Factory_Pipeline_robot2_def.s3_end, Factory_Pipeline_robot2_def.s4_start, Factory_Pipeline_robot2_def.s4_end, Factory_Pipeline_robot2_def.s5_start, Factory_Pipeline_robot2_def.s5_end, Factory_Pipeline_robot2_def.s6_start, Factory_Pipeline_robot2_def.s6_idle, Factory_Pipeline.end}
[2K -- Formula is satisfied.
Factory_Pipeline_robot2_def.s1_start:
[0]: (0,0) (0,1) (0,0) (700,0)
Factory_Pipeline_robot2_def.s1_end:
[0]: (0,0) (216,0) (216,1) (372.5707963267949,1) (372.5707963267949,0) (700,0)
Factory_Pipeline_robot2_def.s2_start:
[0]: (0,0) (372.5707963267949,0) (372.5707963267949,1) (372.5707963267949,0) (700,0)
Factory_Pipeline_robot2_def.s2_end:
[0]: (0,0) (521.1389610807171,0) (521.1389610807171,1) (521.1389610807171,0) (700,0)
Factory_Pipeline_robot2_def.s3_start:
[0]: (0,0) (521.1389610807171,0) (521.1389610807171,1) (521.1389610807171,0) (700,0)
Factory_Pipeline_robot2_def.s3_end:
[0]: (0,0) (700,0)
Factory_Pipeline_robot2_def.s4_start:
[0]: (0,0) (700,0)
Factory_Pipeline_robot2_def.s4_end:
[0]: (0,0) (700,0)
Factory_Pipeline_robot2_def.s5_start:
[0]: (0,0) (700,0)
Factory_Pipeline_robot2_def.s5_end:
[0]: (0,0) (700,0)
Factory_Pipeline_robot2_def.s6_start:
[0]: (0,0) (700,0)
Factory_Pipeline_robot2_def.s6_idle:
[0]: (0,0) (700,0)
Factory_Pipeline.end:
[0]: (0,0) (700,0)
[2K
Verifying formula 3 at /nta/queries/query[3]/formula
 -- Formula: Pr[<=700] (<> Factory_Pipeline.end)
[2K -- Formula is satisfied.
(0/72 runs) Pr(<> …) in [0,0.0499441] (95% CI)
[2K
Verifying formula 4 at /nta/queries/query[4]/formula
 -- Formula: simulate[<=700]{robPositionX[0], robPositionY[0], batteryCharge[0], robPositionX[1], robPositionY[1], batteryCharge[1], Factory_Pipeline.end}
[2K -- Formula is satisfied.
robPositionX[0]:
[0]: (0,0) (0,400) (2,400) (2,426) (3,426) (3,452) (4,452) (4,478) (5,478) (5,504) (6,504) (6,530) (7,530) (7,556) (8,556) (8,582) (9,582) (9,600) (158.5707963267949,600) (158.5707963267949,626) (159.5707963267949,626) (159.5707963267949,652) (160.5707963267949,652) (160.5707963267949,678) (161.5707963267949,678) (161.5707963267949,704) (162.5707963267949,704) (162.5707963267949,730) (163.5707963267949,730) (163.5707963267949,756) (164.5707963267949,756) (164.5707963267949,782) (165.5707963267949,782) (165.5707963267949,808) (166.5707963267949,808) (166.5707963267949,834) (167.5707963267949,834) (167.5707963267949,860) (168.5707963267949,860) (168.5707963267949,886) (169.5707963267949,886) (169.5707963267949,912) (170.5707963267949,912) (170.5707963267949,938) (171.5707963267949,938) (171.5707963267949,964) (172.5707963267949,964) (172.5707963267949,990) (173.5707963267949,990) (173.5707963267949,1016) (174.5707963267949,1016) (174.5707963267949,1042) (175.5707963267949,1042) (175.5707963267949,1068) (176.5707963267949,1068) (176.5707963267949,1094) (177.5707963267949,1094) (177.5707963267949,1120) (178.5707963267949,1120) (178.5707963267949,1146) (179.5707963267949,1146) (179.5707963267949,1172) (180.5707963267949,1172) (180.5707963267949,1198) (181.5707963267949,1198) (181.5707963267949,1224) (182.5707963267949,1224) (182.5707963267949,1250) (183.5707963267949,1250) (183.5707963267949,1276) (184.5707963267949,1276) (184.5707963267949,1302) (185.5707963267949,1302) (185.5707963267949,1328) (186.5707963267949,1328) (186.5707963267949,1354) (187.5707963267949,1354) (187.5707963267949,1380) (188.5707963267949,1380) (188.5707963267949,1406) (189.5707963267949,1406) (189.5707963267949,1432) (190.5707963267949,1432) (190.5707963267949,1458) (191.5707963267949,1458) (191.5707963267949,1484) (192.5707963267949,1484) (192.5707963267949,1510) (193.5707963267949,1510) (193.5707963267949,1536) (194.5707963267949,1536) (194.5707963267949,1562) (195.5707963267949,1562) (195.5707963267949,1588) (196.5707963267949,1588) (196.5707963267949,1614) (197.5707963267949,1614) (197.5707963267949,1640) (198.5707963267949,1640) (198.5707963267949,1666) (199.5707963267949,1666) (199.5707963267949,1692) (200.5707963267949,1692) (200.5707963267949,1718) (201.5707963267949,1718) (201.5707963267949,1744) (202.5707963267949,1744) (202.5707963267949,1770) (203.5707963267949,1770) (203.5707963267949,1796) (204.5707963267949,1796) (204.5707963267949,1822) (205.5707963267949,1822) (205.5707963267949,1848) (206.5707963267949,1848) (206.5707963267949,1874) (207.5707963267949,1874) (207.5707963267949,1900) (208.5707963267949,1900) (208.5707963267949,1926) (209.5707963267949,1926) (209.5707963267949,1952) (210.5707963267949,1952) (210.5707963267949,1978) (211.5707963267949,1978) (211.5707963267949,2004) (212.5707963267949,2004) (212.5707963267949,2030) (213.5707963267949,2030) (213.5707963267949,2056) (214.5707963267949,2056) (214.5707963267949,2082) (215.5707963267949,2082) (215.5707963267949,2108) (216.5707963267949,2108) (216.5707963267949,2134) (217.5707963267949,2134) (217.5707963267949,2160) (218.5707963267949,2160) (218.5707963267949,2186) (219.5707963267949,2186) (219.5707963267949,2212) (220.5707963267949,2212) (220.5707963267949,2238) (221.5707963267949,2238) (221.5707963267949,2264) (222.5707963267949,2264) (222.5707963267949,2290) (223.5707963267949,2290) (223.5707963267949,2316) (224.5707963267949,2316) (224.5707963267949,2342) (225.5707963267949,2342) (225.5707963267949,2368) (226.5707963267949,2368) (226.5707963267949,2394) (227.5707963267949,2394) (227.5707963267949,2420) (228.5707963267949,2420) (228.5707963267949,2446) (229.5707963267949,2446) (229.5707963267949,2472) (230.5707963267949,2472) (230.5707963267949,2498) (231.5707963267949,2498) (231.5707963267949,2524) (232.5707963267949,2524) (232.5707963267949,2550) (233.5707963267949,2550) (233.5707963267949,2576) (234.5707963267949,2576) (234.5707963267949,2602) (235.5707963267949,2602) (235.5707963267949,2628) (236.5707963267949,2628) (236.5707963267949,2654) (237.5707963267949,2654) (237.5707963267949,2680) (238.5707963267949,2680) (238.5707963267949,2706) (239.5707963267949,2706) (239.5707963267949,2732) (240.5707963267949,2732) (240.5707963267949,2758) (241.5707963267949,2758) (241.5707963267949,2784) (242.5707963267949,2784) (242.5707963267949,2810) (243.5707963267949,2810) (243.5707963267949,2836) (244.5707963267949,2836) (244.5707963267949,2862) (245.5707963267949,2862) (245.5707963267949,2888) (246.5707963267949,2888) (246.5707963267949,2914) (247.5707963267949,2914) (247.5707963267949,2940) (248.5707963267949,2940) (248.5707963267949,2966) (249.5707963267949,2966) (249.5707963267949,2992) (250.5707963267949,2992) (250.5707963267949,3018) (251.5707963267949,3018) (251.5707963267949,3044) (252.5707963267949,3044) (252.5707963267949,3070) (253.5707963267949,3070) (253.5707963267949,3096) (254.5707963267949,3096) (254.5707963267949,3122) (255.5707963267949,3122) (255.5707963267949,3148) (256.5707963267949,3148) (256.5707963267949,3174) (257.5707963267949,3174) (257.5707963267949,3200) (258.5707963267949,3200) (258.5707963267949,3226) (259.5707963267949,3226) (259.5707963267949,3252) (260.5707963267949,3252) (260.5707963267949,3278) (261.5707963267949,3278) (261.5707963267949,3304) (262.5707963267949,3304) (262.5707963267949,3330) (263.5707963267949,3330) (263.5707963267949,3356) (264.5707963267949,3356) (264.5707963267949,3382) (265.5707963267949,3382) (265.5707963267949,3408) (266.5707963267949,3408) (266.5707963267949,3434) (267.5707963267949,3434) (267.5707963267949,3460) (268.5707963267949,3460) (268.5707963267949,3486) (269.5707963267949,3486) (269.5707963267949,3512) (270.5707963267949,3512) (270.5707963267949,3538) (271.5707963267949,3538) (271.5707963267949,3564) (272.5707963267949,3564) (272.5707963267949,3590) (273.5707963267949,3590) (273.5707963267949,3616) (274.5707963267949,3616) (274.5707963267949,3642) (275.5707963267949,3642) (275.5707963267949,3668) (276.5707963267949,3668) (276.5707963267949,3694) (277.5707963267949,3694) (277.5707963267949,3720) (278.5707963267949,3720) (278.5707963267949,3746) (279.5707963267949,3746) (279.5707963267949,3772) (280.5707963267949,3772) (280.5707963267949,3798) (281.5707963267949,3798) (281.5707963267949,3824) (282.5707963267949,3824) (282.5707963267949,3850) (283.5707963267949,3850) (283.5707963267949,3876) (284.5707963267949,3876) (284.5707963267949,3902) (285.5707963267949,3902) (285.5707963267949,3928) (286.5707963267949,3928) (286.5707963267949,3954) (287.5707963267949,3954) (287.5707963267949,3980) (288.5707963267949,3980) (288.5707963267949,4006) (289.5707963267949,4006) (289.5707963267949,4032) (290.5707963267949,4032) (290.5707963267949,4058) (291.5707963267949,4058) (291.5707963267949,4084) (292.5707963267949,4084) (292.5707963267949,4110) (293.5707963267949,4110) (293.5707963267949,4136) (294.5707963267949,4136) (294.5707963267949,4162) (295.5707963267949,4162) (295.5707963267949,4188) (296.5707963267949,4188) (296.5707963267949,4214) (297.5707963267949,4214) (297.5707963267949,4240) (298.5707963267949,4240) (298.5707963267949,4266) (299.5707963267949,4266) (299.5707963267949,4292) (300.5707963267949,4292) (300.5707963267949,4318) (301.5707963267949,4318) (301.5707963267949,4344) (302.5707963267949,4344) (302.5707963267949,4370) (303.5707963267949,4370) (303.5707963267949,4396) (304.5707963267949,4396) (304.5707963267949,4422) (305.5707963267949,4422) (305.5707963267949,4448) (306.5707963267949,4448) (306.5707963267949,4474) (307.5707963267949,4474) (307.5707963267949,4500) (308.5707963267949,4500) (308.5707963267949,4526) (309.5707963267949,4526) (309.5707963267949,4552) (310.5707963267949,4552) (310.5707963267949,4578) (311.5707963267949,4578) (311.5707963267949,4604) (312.5707963267949,4604) (312.5707963267949,4630) (313.5707963267949,4630) (313.5707963267949,4656) (314.5707963267949,4656) (314.5707963267949,4682) (315.5707963267949,4682) (315.5707963267949,4708) (316.5707963267949,4708) (316.5707963267949,4734) (317.5707963267949,4734) (317.5707963267949,4760) (318.5707963267949,4760) (318.5707963267949,4786) (319.5707963267949,4786) (319.5707963267949,4812) (320.5707963267949,4812) (320.5707963267949,4838) (321.5707963267949,4838) (321.5707963267949,4864) (322.5707963267949,4864) (322.5707963267949,4890) (323.5707963267949,4890) (323.5707963267949,4916) (324.5707963267949,4916) (324.5707963267949,4942) (325.5707963267949,4942) (325.5707963267949,4968) (326.5707963267949,4968) (326.5707963267949,4994) (327.5707963267949,4994) (327.5707963267949,5020) (328.5707963267949,5020) (328.5707963267949,5046) (329.5707963267949,5046) (329.5707963267949,5072) (330.5707963267949,5072) (330.5707963267949,5098) (331.5707963267949,5098) (331.5707963267949,5124) (332.5707963267949,5124) (332.5707963267949,5150) (333.5707963267949,5150) (333.5707963267949,5176) (334.5707963267949,5176) (334.5707963267949,5202) (335.5707963267949,5202) (335.5707963267949,5228) (336.5707963267949,5228) (336.5707963267949,5254) (337.5707963267949,5254) (337.5707963267949,5280) (338.5707963267949,5280) (338.5707963267949,5306) (339.5707963267949,5306) (339.5707963267949,5332) (340.5707963267949,5332) (340.5707963267949,5358) (341.5707963267949,5358) (341.5707963267949,5384) (342.5707963267949,5384) (342.5707963267949,5410) (343.5707963267949,5410) (343.5707963267949,5436) (344.5707963267949,5436) (344.5707963267949,5462) (345.5707963267949,5462) (345.5707963267949,5488) (346.5707963267949,5488) (346.5707963267949,5514) (347.5707963267949,5514) (347.5707963267949,5540) (348.5707963267949,5540) (348.5707963267949,5566) (349.5707963267949,5566) (349.5707963267949,5592) (350.5707963267949,5592) (350.5707963267949,5618) (351.5707963267949,5618) (351.5707963267949,5644) (352.5707963267949,5644) (352.5707963267949,5670) (353.5707963267949,5670) (353.5707963267949,5696) (354.5707963267949,5696) (354.5707963267949,5722) (355.5707963267949,5722) (355.5707963267949,5748) (356.5707963267949,5748) (356.5707963267949,5774) (357.5707963267949,5774) (357.5707963267949,5800) (358.5707963267949,5800) (358.5707963267949,5826) (359.5707963267949,5826) (359.5707963267949,5852) (360.5707963267949,5852) (360.5707963267949,5878) (361.5707963267949,5878) (361.5707963267949,5904) (362.5707963267949,5904) (362.5707963267949,5930) (363.5707963267949,5930) (363.5707963267949,5956) (364.5707963267949,5956) (364.5707963267949,5982) (365.5707963267949,5982) (365.5707963267949,6008) (366.5707963267949,6008) (366.5707963267949,6034) (367.5707963267949,6034) (367.5707963267949,6060) (368.5707963267949,6060) (368.5707963267949,6086) (369.5707963267949,6086) (369.5707963267949,6112) (370.5707963267949,6112) (370.5707963267949,6138) (371.5707963267949,6138) (371.5707963267949,6164) (372.5707963267949,6164) (372.5707963267949,6190) (373.5707963267949,6190) (373.5707963267949,6190.068420815718) (376.1389610807171,6190.068420815718) (376.1389610807171,6190.136841631436) (377.1389610807171,6190.136841631436) (377.1389610807171,6190.205262447154) (378.1389610807171,6190.205262447154) (378.1389610807171,6190.273683262873) (379.1389610807171,6190.273683262873) (379.1389610807171,6190.342104078591) (380.1389610807171,6190.342104078591) (380.1389610807171,6190.410524894309) (381.1389610807171,6190.410524894309) (381.1389610807171,6190.478945710027) (382.1389610807171,6190.478945710027) (382.1389610807171,6190.547366525745) (383.1389610807171,6190.547366525745) (383.1389610807171,6190.615787341463) (384.1389610807171,6190.615787341463) (384.1389610807171,6190.684208157181) (385.1389610807171,6190.684208157181) (385.1389610807171,6190.752628972899) (386.1389610807171,6190.752628972899) (386.1389610807171,6190.821049788618) (387.1389610807171,6190.821049788618) (387.1389610807171,6190.889470604336) (388.1389610807171,6190.889470604336) (388.1389610807171,6190.957891420054) (389.1389610807171,6190.957891420054) (389.1389610807171,6191.026312235772) (390.1389610807171,6191.026312235772) (390.1389610807171,6191.09473305149) (391.1389610807171,6191.09473305149) (391.1389610807171,6191.163153867208) (392.1389610807171,6191.163153867208) (392.1389610807171,6191.231574682926) (393.1389610807171,6191.231574682926) (393.1389610807171,6191.299995498644) (394.1389610807171,6191.299995498644) (394.1389610807171,6191.368416314363) (395.1389610807171,6191.368416314363) (395.1389610807171,6191.436837130081) (396.1389610807171,6191.436837130081) (396.1389610807171,6191.505257945799) (397.1389610807171,6191.505257945799) (397.1389610807171,6191.573678761517) (398.1389610807171,6191.573678761517) (398.1389610807171,6191.642099577235) (399.1389610807171,6191.642099577235) (399.1389610807171,6191.710520392953) (400.1389610807171,6191.710520392953) (400.1389610807171,6191.778941208671) (401.1389610807171,6191.778941208671) (401.1389610807171,6191.847362024389) (402.1389610807171,6191.847362024389) (402.1389610807171,6191.915782840108) (403.1389610807171,6191.915782840108) (403.1389610807171,6191.984203655826) (404.1389610807171,6191.984203655826) (404.1389610807171,6192.052624471544) (405.1389610807171,6192.052624471544) (405.1389610807171,6192.121045287262) (406.1389610807171,6192.121045287262) (406.1389610807171,6192.18946610298) (407.1389610807171,6192.18946610298) (407.1389610807171,6192.257886918698) (408.1389610807171,6192.257886918698) (408.1389610807171,6192.326307734416) (409.1389610807171,6192.326307734416) (409.1389610807171,6192.394728550134) (410.1389610807171,6192.394728550134) (410.1389610807171,6192.463149365853) (411.1389610807171,6192.463149365853) (411.1389610807171,6192.531570181571) (412.1389610807171,6192.531570181571) (412.1389610807171,6192.599990997289) (413.1389610807171,6192.599990997289) (413.1389610807171,6192.668411813007) (414.1389610807171,6192.668411813007) (414.1389610807171,6192.736832628725) (415.1389610807171,6192.736832628725) (415.1389610807171,6192.805253444443) (416.1389610807171,6192.805253444443) (416.1389610807171,6192.873674260161) (417.1389610807171,6192.873674260161) (417.1389610807171,6192.942095075879) (418.1389610807171,6192.942095075879) (418.1389610807171,6193.010515891598) (419.1389610807171,6193.010515891598) (419.1389610807171,6193.078936707316) (420.1389610807171,6193.078936707316) (420.1389610807171,6193.147357523034) (421.1389610807171,6193.147357523034) (421.1389610807171,6193.215778338752) (422.1389610807171,6193.215778338752) (422.1389610807171,6193.28419915447) (423.1389610807171,6193.28419915447) (423.1389610807171,6193.352619970188) (424.1389610807171,6193.352619970188) (424.1389610807171,6193.421040785906) (425.1389610807171,6193.421040785906) (425.1389610807171,6193.489461601624) (426.1389610807171,6193.489461601624) (426.1389610807171,6193.557882417343) (427.1389610807171,6193.557882417343) (427.1389610807171,6193.626303233061) (428.1389610807171,6193.626303233061) (428.1389610807171,6193.694724048779) (429.1389610807171,6193.694724048779) (429.1389610807171,6193.763144864497) (430.1389610807171,6193.763144864497) (430.1389610807171,6193.831565680215) (431.1389610807171,6193.831565680215) (431.1389610807171,6193.899986495933) (432.1389610807171,6193.899986495933) (432.1389610807171,6193.968407311651) (433.1389610807171,6193.968407311651) (433.1389610807171,6194.03682812737) (434.1389610807171,6194.03682812737) (434.1389610807171,6194.105248943088) (435.1389610807171,6194.105248943088) (435.1389610807171,6194.173669758806) (436.1389610807171,6194.173669758806) (436.1389610807171,6194.242090574524) (437.1389610807171,6194.242090574524) (437.1389610807171,6194.310511390242) (438.1389610807171,6194.310511390242) (438.1389610807171,6194.37893220596) (439.1389610807171,6194.37893220596) (439.1389610807171,6194.447353021678) (440.1389610807171,6194.447353021678) (440.1389610807171,6194.515773837396) (441.1389610807171,6194.515773837396) (441.1389610807171,6194.584194653115) (442.1389610807171,6194.584194653115) (442.1389610807171,6194.652615468833) (443.1389610807171,6194.652615468833) (443.1389610807171,6194.721036284551) (444.1389610807171,6194.721036284551) (444.1389610807171,6194.789457100269) (445.1389610807171,6194.789457100269) (445.1389610807171,6194.857877915987) (446.1389610807171,6194.857877915987) (446.1389610807171,6194.926298731705) (447.1389610807171,6194.926298731705) (447.1389610807171,6194.994719547423) (448.1389610807171,6194.994719547423) (448.1389610807171,6195.063140363141) (449.1389610807171,6195.063140363141) (449.1389610807171,6195.13156117886) (450.1389610807171,6195.13156117886) (450.1389610807171,6195.199981994578) (451.1389610807171,6195.199981994578) (451.1389610807171,6195.268402810296) (452.1389610807171,6195.268402810296) (452.1389610807171,6195.336823626014) (453.1389610807171,6195.336823626014) (453.1389610807171,6195.405244441732) (454.1389610807171,6195.405244441732) (454.1389610807171,6195.47366525745) (455.1389610807171,6195.47366525745) (455.1389610807171,6195.542086073168) (456.1389610807171,6195.542086073168) (456.1389610807171,6195.610506888886) (457.1389610807171,6195.610506888886) (457.1389610807171,6195.678927704605) (458.1389610807171,6195.678927704605) (458.1389610807171,6195.747348520323) (459.1389610807171,6195.747348520323) (459.1389610807171,6195.815769336041) (460.1389610807171,6195.815769336041) (460.1389610807171,6195.884190151759) (461.1389610807171,6195.884190151759) (461.1389610807171,6195.952610967477) (462.1389610807171,6195.952610967477) (462.1389610807171,6196.021031783195) (463.1389610807171,6196.021031783195) (463.1389610807171,6196.089452598913) (464.1389610807171,6196.089452598913) (464.1389610807171,6196.157873414631) (465.1389610807171,6196.157873414631) (465.1389610807171,6196.22629423035) (466.1389610807171,6196.22629423035) (466.1389610807171,6196.294715046068) (467.1389610807171,6196.294715046068) (467.1389610807171,6196.363135861786) (468.1389610807171,6196.363135861786) (468.1389610807171,6196.431556677504) (469.1389610807171,6196.431556677504) (469.1389610807171,6196.499977493222) (470.1389610807171,6196.499977493222) (470.1389610807171,6196.56839830894) (471.1389610807171,6196.56839830894) (471.1389610807171,6196.636819124658) (472.1389610807171,6196.636819124658) (472.1389610807171,6196.705239940376) (473.1389610807171,6196.705239940376) (473.1389610807171,6196.773660756095) (474.1389610807171,6196.773660756095) (474.1389610807171,6196.842081571813) (475.1389610807171,6196.842081571813) (475.1389610807171,6196.910502387531) (476.1389610807171,6196.910502387531) (476.1389610807171,6196.978923203249) (477.1389610807171,6196.978923203249) (477.1389610807171,6197.047344018967) (478.1389610807171,6197.047344018967) (478.1389610807171,6197.115764834685) (479.1389610807171,6197.115764834685) (479.1389610807171,6197.184185650403) (480.1389610807171,6197.184185650403) (480.1389610807171,6197.252606466122) (481.1389610807171,6197.252606466122) (481.1389610807171,6197.32102728184) (482.1389610807171,6197.32102728184) (482.1389610807171,6197.389448097558) (483.1389610807171,6197.389448097558) (483.1389610807171,6197.457868913276) (484.1389610807171,6197.457868913276) (484.1389610807171,6197.526289728994) (485.1389610807171,6197.526289728994) (485.1389610807171,6197.594710544712) (486.1389610807171,6197.594710544712) (486.1389610807171,6197.66313136043) (487.1389610807171,6197.66313136043) (487.1389610807171,6197.731552176148) (488.1389610807171,6197.731552176148) (488.1389610807171,6197.799972991867) (489.1389610807171,6197.799972991867) (489.1389610807171,6197.868393807585) (490.1389610807171,6197.868393807585) (490.1389610807171,6197.936814623303) (491.1389610807171,6197.936814623303) (491.1389610807171,6198.005235439021) (492.1389610807171,6198.005235439021) (492.1389610807171,6198.073656254739) (493.1389610807171,6198.073656254739) (493.1389610807171,6198.142077070457) (494.1389610807171,6198.142077070457) (494.1389610807171,6198.210497886175) (495.1389610807171,6198.210497886175) (495.1389610807171,6198.278918701893) (496.1389610807171,6198.278918701893) (496.1389610807171,6198.347339517612) (497.1389610807171,6198.347339517612) (497.1389610807171,6198.41576033333) (498.1389610807171,6198.41576033333) (498.1389610807171,6198.484181149048) (499.1389610807171,6198.484181149048) (499.1389610807171,6198.552601964766) (500.1389610807171,6198.552601964766) (500.1389610807171,6198.621022780484) (501.1389610807171,6198.621022780484) (501.1389610807171,6198.689443596202) (502.1389610807171,6198.689443596202) (502.1389610807171,6198.75786441192) (503.1389610807171,6198.75786441192) (503.1389610807171,6198.826285227638) (504.1389610807171,6198.826285227638) (504.1389610807171,6198.894706043357) (505.1389610807171,6198.894706043357) (505.1389610807171,6198.963126859075) (506.1389610807171,6198.963126859075) (506.1389610807171,6199.031547674793) (507.1389610807171,6199.031547674793) (507.1389610807171,6199.099968490511) (508.1389610807171,6199.099968490511) (508.1389610807171,6199.168389306229) (509.1389610807171,6199.168389306229) (509.1389610807171,6199.236810121947) (510.1389610807171,6199.236810121947) (510.1389610807171,6199.305230937665) (511.1389610807171,6199.305230937665) (511.1389610807171,6199.373651753383) (512.1389610807171,6199.373651753383) (512.1389610807171,6199.442072569102) (513.1389610807171,6199.442072569102) (513.1389610807171,6199.51049338482) (514.1389610807171,6199.51049338482) (514.1389610807171,6199.578914200538) (515.1389610807171,6199.578914200538) (515.1389610807171,6199.647335016256) (516.1389610807171,6199.647335016256) (516.1389610807171,6199.715755831974) (517.1389610807171,6199.715755831974) (517.1389610807171,6199.784176647692) (518.1389610807171,6199.784176647692) (518.1389610807171,6199.85259746341) (519.1389610807171,6199.85259746341) (519.1389610807171,6199.921018279128) (520.1389610807171,6199.921018279128) (520.1389610807171,6199.989439094847) (523.1389610807171,6199.989439094847) (523.1389610807171,6173.989450963903) (527.2795982216347,6173.989450963903) (527.2795982216347,6147.98946283296) (528.2795982216347,6147.98946283296) (528.2795982216347,6121.989474702017) (529.2795982216347,6121.989474702017) (529.2795982216347,6095.989486571074) (530.2795982216347,6095.989486571074) (530.2795982216347,6069.989498440131) (531.2795982216347,6069.989498440131) (531.2795982216347,6043.989510309188) (532.2795982216347,6043.989510309188) (532.2795982216347,6017.989522178244) (533.2795982216347,6017.989522178244) (533.2795982216347,5991.989534047301) (534.2795982216347,5991.989534047301) (534.2795982216347,5965.989545916358) (535.2795982216347,5965.989545916358) (535.2795982216347,5939.989557785415) (536.2795982216347,5939.989557785415) (536.2795982216347,5913.989569654472) (537.2795982216347,5913.989569654472) (537.2795982216347,5887.989581523529) (538.2795982216347,5887.989581523529) (538.2795982216347,5861.989593392585) (539.2795982216347,5861.989593392585) (539.2795982216347,5835.989605261642) (540.2795982216347,5835.989605261642) (540.2795982216347,5809.989617130699) (541.2795982216347,5809.989617130699) (541.2795982216347,5783.989628999756) (542.2795982216347,5783.989628999756) (542.2795982216347,5757.989640868813) (543.2795982216347,5757.989640868813) (543.2795982216347,5731.98965273787) (544.2795982216347,5731.98965273787) (544.2795982216347,5705.989664606926) (545.2795982216347,5705.989664606926) (545.2795982216347,5679.989676475983) (546.2795982216347,5679.989676475983) (546.2795982216347,5653.98968834504) (547.2795982216347,5653.98968834504) (547.2795982216347,5627.989700214097) (548.2795982216347,5627.989700214097) (548.2795982216347,5601.989712083154) (549.2795982216347,5601.989712083154) (549.2795982216347,5575.989723952211) (550.2795982216347,5575.989723952211) (550.2795982216347,5549.989735821267) (551.2795982216347,5549.989735821267) (551.2795982216347,5523.989747690324) (552.2795982216347,5523.989747690324) (552.2795982216347,5497.989759559381) (553.2795982216347,5497.989759559381) (553.2795982216347,5471.989771428438) (554.2795982216347,5471.989771428438) (554.2795982216347,5445.989783297495) (555.2795982216347,5445.989783297495) (555.2795982216347,5419.989795166552) (556.2795982216347,5419.989795166552) (556.2795982216347,5393.989807035608) (557.2795982216347,5393.989807035608) (557.2795982216347,5367.989818904665) (558.2795982216347,5367.989818904665) (558.2795982216347,5341.989830773722) (559.2795982216347,5341.989830773722) (559.2795982216347,5315.989842642779) (560.2795982216347,5315.989842642779) (560.2795982216347,5289.989854511836) (561.2795982216347,5289.989854511836) (561.2795982216347,5263.989866380893) (562.2795982216347,5263.989866380893) (562.2795982216347,5237.989878249949) (563.2795982216347,5237.989878249949) (563.2795982216347,5211.989890119006) (564.2795982216347,5211.989890119006) (564.2795982216347,5185.989901988063) (565.2795982216347,5185.989901988063) (565.2795982216347,5159.98991385712) (566.2795982216347,5159.98991385712) (566.2795982216347,5133.989925726177) (567.2795982216347,5133.989925726177) (567.2795982216347,5107.989937595234) (568.2795982216347,5107.989937595234) (568.2795982216347,5081.98994946429) (569.2795982216347,5081.98994946429) (569.2795982216347,5055.989961333347) (570.2795982216347,5055.989961333347) (570.2795982216347,5029.989973202404) (571.2795982216347,5029.989973202404) (571.2795982216347,5003.989985071461) (572.2795982216347,5003.989985071461) (572.2795982216347,4977.989996940518) (573.2795982216347,4977.989996940518) (573.2795982216347,4951.990008809575) (574.2795982216347,4951.990008809575) (574.2795982216347,4925.990020678631) (575.2795982216347,4925.990020678631) (575.2795982216347,4899.990032547688) (576.2795982216347,4899.990032547688) (576.2795982216347,4873.990044416745) (577.2795982216347,4873.990044416745) (577.2795982216347,4847.990056285802) (578.2795982216347,4847.990056285802) (578.2795982216347,4821.990068154859) (579.2795982216347,4821.990068154859) (579.2795982216347,4795.990080023916) (580.2795982216347,4795.990080023916) (580.2795982216347,4769.990091892972) (581.2795982216347,4769.990091892972) (581.2795982216347,4743.990103762029) (582.2795982216347,4743.990103762029) (582.2795982216347,4717.990115631086) (583.2795982216347,4717.990115631086) (583.2795982216347,4691.990127500143) (584.2795982216347,4691.990127500143) (584.2795982216347,4665.9901393692) (585.2795982216347,4665.9901393692) (585.2795982216347,4639.990151238257) (586.2795982216347,4639.990151238257) (586.2795982216347,4613.990163107313) (587.2795982216347,4613.990163107313) (587.2795982216347,4587.99017497637) (588.2795982216347,4587.99017497637) (588.2795982216347,4561.990186845427) (589.2795982216347,4561.990186845427) (589.2795982216347,4535.990198714484) (590.2795982216347,4535.990198714484) (590.2795982216347,4509.990210583541) (591.2795982216347,4509.990210583541) (591.2795982216347,4483.990222452598) (592.2795982216347,4483.990222452598) (592.2795982216347,4457.990234321654) (593.2795982216347,4457.990234321654) (593.2795982216347,4431.990246190711) (594.2795982216347,4431.990246190711) (594.2795982216347,4405.990258059768) (595.2795982216347,4405.990258059768) (595.2795982216347,4379.990269928825) (596.2795982216347,4379.990269928825) (596.2795982216347,4353.990281797882) (597.2795982216347,4353.990281797882) (597.2795982216347,4327.990293666939) (598.2795982216347,4327.990293666939) (598.2795982216347,4301.990305535996) (599.2795982216347,4301.990305535996) (599.2795982216347,4275.990317405052) (600.2795982216347,4275.990317405052) (600.2795982216347,4249.990329274109) (601.2795982216347,4249.990329274109) (601.2795982216347,4223.990341143166) (602.2795982216347,4223.990341143166) (602.2795982216347,4197.990353012223) (603.2795982216347,4197.990353012223) (603.2795982216347,4171.99036488128) (604.2795982216347,4171.99036488128) (604.2795982216347,4145.990376750337) (605.2795982216347,4145.990376750337) (605.2795982216347,4119.990388619393) (606.2795982216347,4119.990388619393) (606.2795982216347,4093.990400488451) (607.2795982216347,4093.990400488451) (607.2795982216347,4067.990412357508) (608.2795982216347,4067.990412357508) (608.2795982216347,4041.990424226565) (609.2795982216347,4041.990424226565) (609.2795982216347,4015.990436095622) (610.2795982216347,4015.990436095622) (610.2795982216347,3989.99044796468) (611.2795982216347,3989.99044796468) (611.2795982216347,3963.990459833737) (612.2795982216347,3963.990459833737) (612.2795982216347,3937.990471702794) (613.2795982216347,3937.990471702794) (613.2795982216347,3911.990483571852) (614.2795982216347,3911.990483571852) (614.2795982216347,3885.990495440909) (615.2795982216347,3885.990495440909) (615.2795982216347,3859.990507309966) (616.2795982216347,3859.990507309966) (616.2795982216347,3833.990519179024) (617.2795982216347,3833.990519179024) (617.2795982216347,3807.990531048081) (618.2795982216347,3807.990531048081) (618.2795982216347,3781.990542917138) (619.2795982216347,3781.990542917138) (619.2795982216347,3755.990554786195) (620.2795982216347,3755.990554786195) (620.2795982216347,3729.990566655253) (621.2795982216347,3729.990566655253) (621.2795982216347,3703.99057852431) (622.2795982216347,3703.99057852431) (622.2795982216347,3677.990590393367) (623.2795982216347,3677.990590393367) (623.2795982216347,3651.990602262425) (624.2795982216347,3651.990602262425) (624.2795982216347,3625.990614131482) (625.2795982216347,3625.990614131482) (625.2795982216347,3599.990626000539) (626.2795982216347,3599.990626000539) (626.2795982216347,3573.990637869596) (627.2795982216347,3573.990637869596) (627.2795982216347,3547.990649738654) (628.2795982216347,3547.990649738654) (628.2795982216347,3521.990661607711) (629.2795982216347,3521.990661607711) (629.2795982216347,3495.990673476768) (630.2795982216347,3495.990673476768) (630.2795982216347,3469.990685345826) (631.2795982216347,3469.990685345826) (631.2795982216347,3443.990697214883) (632.2795982216347,3443.990697214883) (632.2795982216347,3417.99070908394) (633.2795982216347,3417.99070908394) (633.2795982216347,3391.990720952997) (634.2795982216347,3391.990720952997) (634.2795982216347,3365.990732822055) (635.2795982216347,3365.990732822055) (635.2795982216347,3339.990744691112) (636.2795982216347,3339.990744691112) (636.2795982216347,3313.990756560169) (637.2795982216347,3313.990756560169) (637.2795982216347,3287.990768429227) (638.2795982216347,3287.990768429227) (638.2795982216347,3261.990780298284) (639.2795982216347,3261.990780298284) (639.2795982216347,3235.990792167341) (640.2795982216347,3235.990792167341) (640.2795982216347,3209.990804036398) (641.2795982216347,3209.990804036398) (641.2795982216347,3183.990815905456) (642.2795982216347,3183.990815905456) (642.2795982216347,3157.990827774513) (643.2795982216347,3157.990827774513) (643.2795982216347,3131.99083964357) (644.2795982216347,3131.99083964357) (644.2795982216347,3105.990851512628) (645.2795982216347,3105.990851512628) (645.2795982216347,3079.990863381685) (646.2795982216347,3079.990863381685) (646.2795982216347,3053.990875250742) (647.2795982216347,3053.990875250742) (647.2795982216347,3027.990887119799) (648.2795982216347,3027.990887119799) (648.2795982216347,3001.990898988857) (649.2795982216347,3001.990898988857) (649.2795982216347,2975.990910857914) (650.2795982216347,2975.990910857914) (650.2795982216347,2949.990922726971) (651.2795982216347,2949.990922726971) (651.2795982216347,2923.990934596029) (652.2795982216347,2923.990934596029) (652.2795982216347,2897.990946465086) (653.2795982216347,2897.990946465086) (653.2795982216347,2871.990958334143) (654.2795982216347,2871.990958334143) (654.2795982216347,2845.990970203201) (655.2795982216347,2845.990970203201) (655.2795982216347,2819.990982072258) (656.2795982216347,2819.990982072258) (656.2795982216347,2793.990993941315) (657.2795982216347,2793.990993941315) (657.2795982216347,2767.991005810372) (658.2795982216347,2767.991005810372) (658.2795982216347,2741.99101767943) (659.2795982216347,2741.99101767943) (659.2795982216347,2715.991029548487) (660.2795982216347,2715.991029548487) (660.2795982216347,2689.991041417544) (661.2795982216347,2689.991041417544) (661.2795982216347,2663.991053286602) (662.2795982216347,2663.991053286602) (662.2795982216347,2637.991065155659) (663.2795982216347,2637.991065155659) (663.2795982216347,2611.991077024716) (664.2795982216347,2611.991077024716) (664.2795982216347,2585.991088893773) (665.2795982216347,2585.991088893773) (665.2795982216347,2559.991100762831) (666.2795982216347,2559.991100762831) (666.2795982216347,2533.991112631888) (667.2795982216347,2533.991112631888) (667.2795982216347,2507.991124500945) (668.2795982216347,2507.991124500945) (668.2795982216347,2481.991136370003) (669.2795982216347,2481.991136370003) (669.2795982216347,2455.99114823906) (670.2795982216347,2455.99114823906) (670.2795982216347,2429.991160108117) (671.2795982216347,2429.991160108117) (671.2795982216347,2403.991171977174) (672.2795982216347,2403.991171977174) (672.2795982216347,2377.991183846232) (673.2795982216347,2377.991183846232) (673.2795982216347,2351.991195715289) (674.2795982216347,2351.991195715289) (674.2795982216347,2325.991207584346) (675.2795982216347,2325.991207584346) (675.2795982216347,2299.991219453404) (676.2795982216347,2299.991219453404) (676.2795982216347,2273.991231322461) (677.2795982216347,2273.991231322461) (677.2795982216347,2247.991243191518) (678.2795982216347,2247.991243191518) (678.2795982216347,2221.991255060575) (679.2795982216347,2221.991255060575) (679.2795982216347,2195.991266929633) (680.2795982216347,2195.991266929633) (680.2795982216347,2169.99127879869) (681.2795982216347,2169.99127879869) (681.2795982216347,2143.991290667747) (682.2795982216347,2143.991290667747) (682.2795982216347,2117.991302536805) (683.2795982216347,2117.991302536805) (683.2795982216347,2091.991314405862) (684.2795982216347,2091.991314405862) (684.2795982216347,2065.991326274919) (685.2795982216347,2065.991326274919) (685.2795982216347,2039.991338143976) (686.2795982216347,2039.991338143976) (686.2795982216347,2013.991350013033) (687.2795982216347,2013.991350013033) (687.2795982216347,2000) (700,2000)
robPositionY[0]:
[0]: (0,0) (0,100) (11.5707963267949,100) (11.5707963267949,126) (12.5707963267949,126) (12.5707963267949,152) (13.5707963267949,152) (13.5707963267949,178) (14.5707963267949,178) (14.5707963267949,204) (15.5707963267949,204) (15.5707963267949,230) (16.5707963267949,230) (16.5707963267949,256) (17.5707963267949,256) (17.5707963267949,282) (18.5707963267949,282) (18.5707963267949,308) (19.5707963267949,308) (19.5707963267949,334) (20.5707963267949,334) (20.5707963267949,360) (21.5707963267949,360) (21.5707963267949,386) (22.5707963267949,386) (22.5707963267949,412) (23.5707963267949,412) (23.5707963267949,438) (24.5707963267949,438) (24.5707963267949,464) (25.5707963267949,464) (25.5707963267949,490) (26.5707963267949,490) (26.5707963267949,516) (27.5707963267949,516) (27.5707963267949,542) (28.5707963267949,542) (28.5707963267949,568) (29.5707963267949,568) (29.5707963267949,594) (30.5707963267949,594) (30.5707963267949,620) (31.5707963267949,620) (31.5707963267949,646) (32.5707963267949,646) (32.5707963267949,672) (33.5707963267949,672) (33.5707963267949,698) (34.5707963267949,698) (34.5707963267949,724) (35.5707963267949,724) (35.5707963267949,750) (36.5707963267949,750) (36.5707963267949,776) (37.5707963267949,776) (37.5707963267949,802) (38.5707963267949,802) (38.5707963267949,828) (39.5707963267949,828) (39.5707963267949,854) (40.5707963267949,854) (40.5707963267949,880) (41.5707963267949,880) (41.5707963267949,906) (42.5707963267949,906) (42.5707963267949,932) (43.5707963267949,932) (43.5707963267949,958) (44.5707963267949,958) (44.5707963267949,984) (45.5707963267949,984) (45.5707963267949,1010) (46.5707963267949,1010) (46.5707963267949,1036) (47.5707963267949,1036) (47.5707963267949,1062) (48.5707963267949,1062) (48.5707963267949,1088) (49.5707963267949,1088) (49.5707963267949,1114) (50.5707963267949,1114) (50.5707963267949,1140) (51.5707963267949,1140) (51.5707963267949,1166) (52.5707963267949,1166) (52.5707963267949,1192) (53.5707963267949,1192) (53.5707963267949,1218) (54.5707963267949,1218) (54.5707963267949,1244) (55.5707963267949,1244) (55.5707963267949,1270) (56.5707963267949,1270) (56.5707963267949,1296) (57.5707963267949,1296) (57.5707963267949,1322) (58.5707963267949,1322) (58.5707963267949,1348) (59.5707963267949,1348) (59.5707963267949,1374) (60.5707963267949,1374) (60.5707963267949,1400) (61.5707963267949,1400) (61.5707963267949,1426) (62.5707963267949,1426) (62.5707963267949,1452) (63.5707963267949,1452) (63.5707963267949,1478) (64.57079632679489,1478) (64.57079632679489,1504) (65.57079632679489,1504) (65.57079632679489,1530) (66.57079632679489,1530) (66.57079632679489,1556) (67.57079632679489,1556) (67.57079632679489,1582) (68.57079632679489,1582) (68.57079632679489,1608) (69.57079632679489,1608) (69.57079632679489,1634) (70.57079632679489,1634) (70.57079632679489,1660) (71.57079632679489,1660) (71.57079632679489,1686) (72.57079632679489,1686) (72.57079632679489,1712) (73.57079632679489,1712) (73.57079632679489,1738) (74.57079632679489,1738) (74.57079632679489,1764) (75.57079632679489,1764) (75.57079632679489,1790) (76.57079632679489,1790) (76.57079632679489,1816) (77.57079632679489,1816) (77.57079632679489,1842) (78.57079632679489,1842) (78.57079632679489,1868) (79.57079632679489,1868) (79.57079632679489,1894) (80.57079632679489,1894) (80.57079632679489,1920) (81.57079632679489,1920) (81.57079632679489,1946) (82.57079632679489,1946) (82.57079632679489,1972) (83.57079632679489,1972) (83.57079632679489,1998) (84.57079632679489,1998) (84.57079632679489,2024) (85.57079632679489,2024) (85.57079632679489,2050) (86.57079632679489,2050) (86.57079632679489,2076) (87.57079632679489,2076) (87.57079632679489,2102) (88.57079632679489,2102) (88.57079632679489,2128) (89.57079632679489,2128) (89.57079632679489,2154) (90.57079632679489,2154) (90.57079632679489,2180) (91.57079632679489,2180) (91.57079632679489,2206) (92.57079632679489,2206) (92.57079632679489,2232) (93.57079632679489,2232) (93.57079632679489,2258) (94.57079632679489,2258) (94.57079632679489,2284) (95.57079632679489,2284) (95.57079632679489,2310) (96.57079632679489,2310) (96.57079632679489,2336) (97.57079632679489,2336) (97.57079632679489,2362) (98.57079632679489,2362) (98.57079632679489,2388) (99.57079632679489,2388) (99.57079632679489,2414) (100.5707963267949,2414) (100.5707963267949,2440) (101.5707963267949,2440) (101.5707963267949,2466) (102.5707963267949,2466) (102.5707963267949,2492) (103.5707963267949,2492) (103.5707963267949,2518) (104.5707963267949,2518) (104.5707963267949,2544) (105.5707963267949,2544) (105.5707963267949,2570) (106.5707963267949,2570) (106.5707963267949,2596) (107.5707963267949,2596) (107.5707963267949,2622) (108.5707963267949,2622) (108.5707963267949,2648) (109.5707963267949,2648) (109.5707963267949,2674) (110.5707963267949,2674) (110.5707963267949,2700) (111.5707963267949,2700) (111.5707963267949,2726) (112.5707963267949,2726) (112.5707963267949,2752) (113.5707963267949,2752) (113.5707963267949,2778) (114.5707963267949,2778) (114.5707963267949,2804) (115.5707963267949,2804) (115.5707963267949,2830) (116.5707963267949,2830) (116.5707963267949,2856) (117.5707963267949,2856) (117.5707963267949,2882) (118.5707963267949,2882) (118.5707963267949,2908) (119.5707963267949,2908) (119.5707963267949,2934) (120.5707963267949,2934) (120.5707963267949,2960) (121.5707963267949,2960) (121.5707963267949,2986) (122.5707963267949,2986) (122.5707963267949,3012) (123.5707963267949,3012) (123.5707963267949,3038) (124.5707963267949,3038) (124.5707963267949,3064) (125.5707963267949,3064) (125.5707963267949,3090) (126.5707963267949,3090) (126.5707963267949,3116) (127.5707963267949,3116) (127.5707963267949,3142) (128.5707963267949,3142) (128.5707963267949,3168) (129.5707963267949,3168) (129.5707963267949,3194) (130.5707963267949,3194) (130.5707963267949,3220) (131.5707963267949,3220) (131.5707963267949,3246) (132.5707963267949,3246) (132.5707963267949,3272) (133.5707963267949,3272) (133.5707963267949,3298) (134.5707963267949,3298) (134.5707963267949,3324) (135.5707963267949,3324) (135.5707963267949,3350) (136.5707963267949,3350) (136.5707963267949,3376) (137.5707963267949,3376) (137.5707963267949,3402) (138.5707963267949,3402) (138.5707963267949,3428) (139.5707963267949,3428) (139.5707963267949,3454) (140.5707963267949,3454) (140.5707963267949,3480) (141.5707963267949,3480) (141.5707963267949,3506) (142.5707963267949,3506) (142.5707963267949,3532) (143.5707963267949,3532) (143.5707963267949,3558) (144.5707963267949,3558) (144.5707963267949,3584) (145.5707963267949,3584) (145.5707963267949,3610) (146.5707963267949,3610) (146.5707963267949,3636) (147.5707963267949,3636) (147.5707963267949,3662) (148.5707963267949,3662) (148.5707963267949,3688) (149.5707963267949,3688) (149.5707963267949,3714) (150.5707963267949,3714) (150.5707963267949,3740) (151.5707963267949,3740) (151.5707963267949,3766) (152.5707963267949,3766) (152.5707963267949,3792) (153.5707963267949,3792) (153.5707963267949,3818) (154.5707963267949,3818) (154.5707963267949,3844) (155.5707963267949,3844) (155.5707963267949,3870) (156.5707963267949,3870) (156.5707963267949,3896) (157.5707963267949,3896) (157.5707963267949,3900) (373.5707963267949,3900) (373.5707963267949,3874.000090027233) (376.1389610807171,3874.000090027233) (376.1389610807171,3848.000180054467) (377.1389610807171,3848.000180054467) (377.1389610807171,3822.0002700817) (378.1389610807171,3822.0002700817) (378.1389610807171,3796.000360108934) (379.1389610807171,3796.000360108934) (379.1389610807171,3770.000450136167) (380.1389610807171,3770.000450136167) (380.1389610807171,3744.000540163401) (381.1389610807171,3744.000540163401) (381.1389610807171,3718.000630190634) (382.1389610807171,3718.000630190634) (382.1389610807171,3692.000720217868) (383.1389610807171,3692.000720217868) (383.1389610807171,3666.000810245101) (384.1389610807171,3666.000810245101) (384.1389610807171,3640.000900272335) (385.1389610807171,3640.000900272335) (385.1389610807171,3614.000990299568) (386.1389610807171,3614.000990299568) (386.1389610807171,3588.001080326801) (387.1389610807171,3588.001080326801) (387.1389610807171,3562.001170354035) (388.1389610807171,3562.001170354035) (388.1389610807171,3536.001260381268) (389.1389610807171,3536.001260381268) (389.1389610807171,3510.001350408502) (390.1389610807171,3510.001350408502) (390.1389610807171,3484.001440435735) (391.1389610807171,3484.001440435735) (391.1389610807171,3458.001530462969) (392.1389610807171,3458.001530462969) (392.1389610807171,3432.001620490202) (393.1389610807171,3432.001620490202) (393.1389610807171,3406.001710517436) (394.1389610807171,3406.001710517436) (394.1389610807171,3380.001800544669) (395.1389610807171,3380.001800544669) (395.1389610807171,3354.001890571903) (396.1389610807171,3354.001890571903) (396.1389610807171,3328.001980599136) (397.1389610807171,3328.001980599136) (397.1389610807171,3302.002070626369) (398.1389610807171,3302.002070626369) (398.1389610807171,3276.002160653603) (399.1389610807171,3276.002160653603) (399.1389610807171,3250.002250680836) (400.1389610807171,3250.002250680836) (400.1389610807171,3224.00234070807) (401.1389610807171,3224.00234070807) (401.1389610807171,3198.002430735303) (402.1389610807171,3198.002430735303) (402.1389610807171,3172.002520762537) (403.1389610807171,3172.002520762537) (403.1389610807171,3146.00261078977) (404.1389610807171,3146.00261078977) (404.1389610807171,3120.002700817004) (405.1389610807171,3120.002700817004) (405.1389610807171,3094.002790844237) (406.1389610807171,3094.002790844237) (406.1389610807171,3068.002880871471) (407.1389610807171,3068.002880871471) (407.1389610807171,3042.002970898704) (408.1389610807171,3042.002970898704) (408.1389610807171,3016.003060925937) (409.1389610807171,3016.003060925937) (409.1389610807171,2990.003150953171) (410.1389610807171,2990.003150953171) (410.1389610807171,2964.003240980404) (411.1389610807171,2964.003240980404) (411.1389610807171,2938.003331007638) (412.1389610807171,2938.003331007638) (412.1389610807171,2912.003421034871) (413.1389610807171,2912.003421034871) (413.1389610807171,2886.003511062105) (414.1389610807171,2886.003511062105) (414.1389610807171,2860.003601089338) (415.1389610807171,2860.003601089338) (415.1389610807171,2834.003691116572) (416.1389610807171,2834.003691116572) (416.1389610807171,2808.003781143805) (417.1389610807171,2808.003781143805) (417.1389610807171,2782.003871171039) (418.1389610807171,2782.003871171039) (418.1389610807171,2756.003961198272) (419.1389610807171,2756.003961198272) (419.1389610807171,2730.004051225505) (420.1389610807171,2730.004051225505) (420.1389610807171,2704.004141252739) (421.1389610807171,2704.004141252739) (421.1389610807171,2678.004231279972) (422.1389610807171,2678.004231279972) (422.1389610807171,2652.004321307206) (423.1389610807171,2652.004321307206) (423.1389610807171,2626.004411334439) (424.1389610807171,2626.004411334439) (424.1389610807171,2600.004501361673) (425.1389610807171,2600.004501361673) (425.1389610807171,2574.004591388906) (426.1389610807171,2574.004591388906) (426.1389610807171,2548.00468141614) (427.1389610807171,2548.00468141614) (427.1389610807171,2522.004771443373) (428.1389610807171,2522.004771443373) (428.1389610807171,2496.004861470607) (429.1389610807171,2496.004861470607) (429.1389610807171,2470.00495149784) (430.1389610807171,2470.00495149784) (430.1389610807171,2444.005041525073) (431.1389610807171,2444.005041525073) (431.1389610807171,2418.005131552307) (432.1389610807171,2418.005131552307) (432.1389610807171,2392.00522157954) (433.1389610807171,2392.00522157954) (433.1389610807171,2366.005311606774) (434.1389610807171,2366.005311606774) (434.1389610807171,2340.005401634007) (435.1389610807171,2340.005401634007) (435.1389610807171,2314.005491661241) (436.1389610807171,2314.005491661241) (436.1389610807171,2288.005581688474) (437.1389610807171,2288.005581688474) (437.1389610807171,2262.005671715708) (438.1389610807171,2262.005671715708) (438.1389610807171,2236.005761742941) (439.1389610807171,2236.005761742941) (439.1389610807171,2210.005851770175) (440.1389610807171,2210.005851770175) (440.1389610807171,2184.005941797408) (441.1389610807171,2184.005941797408) (441.1389610807171,2158.006031824641) (442.1389610807171,2158.006031824641) (442.1389610807171,2132.006121851875) (443.1389610807171,2132.006121851875) (443.1389610807171,2106.006211879108) (444.1389610807171,2106.006211879108) (444.1389610807171,2080.006301906342) (445.1389610807171,2080.006301906342) (445.1389610807171,2054.006391933575) (446.1389610807171,2054.006391933575) (446.1389610807171,2028.006481960809) (447.1389610807171,2028.006481960809) (447.1389610807171,2002.006571988042) (448.1389610807171,2002.006571988042) (448.1389610807171,1976.006662015275) (449.1389610807171,1976.006662015275) (449.1389610807171,1950.006752042508) (450.1389610807171,1950.006752042508) (450.1389610807171,1924.006842069741) (451.1389610807171,1924.006842069741) (451.1389610807171,1898.006932096975) (452.1389610807171,1898.006932096975) (452.1389610807171,1872.007022124208) (453.1389610807171,1872.007022124208) (453.1389610807171,1846.007112151441) (454.1389610807171,1846.007112151441) (454.1389610807171,1820.007202178674) (455.1389610807171,1820.007202178674) (455.1389610807171,1794.007292205908) (456.1389610807171,1794.007292205908) (456.1389610807171,1768.007382233141) (457.1389610807171,1768.007382233141) (457.1389610807171,1742.007472260374) (458.1389610807171,1742.007472260374) (458.1389610807171,1716.007562287607) (459.1389610807171,1716.007562287607) (459.1389610807171,1690.00765231484) (460.1389610807171,1690.00765231484) (460.1389610807171,1664.007742342074) (461.1389610807171,1664.007742342074) (461.1389610807171,1638.007832369307) (462.1389610807171,1638.007832369307) (462.1389610807171,1612.00792239654) (463.1389610807171,1612.00792239654) (463.1389610807171,1586.008012423773) (464.1389610807171,1586.008012423773) (464.1389610807171,1560.008102451007) (465.1389610807171,1560.008102451007) (465.1389610807171,1534.00819247824) (466.1389610807171,1534.00819247824) (466.1389610807171,1508.008282505473) (467.1389610807171,1508.008282505473) (467.1389610807171,1482.008372532706) (468.1389610807171,1482.008372532706) (468.1389610807171,1456.00846255994) (469.1389610807171,1456.00846255994) (469.1389610807171,1430.008552587173) (470.1389610807171,1430.008552587173) (470.1389610807171,1404.008642614406) (471.1389610807171,1404.008642614406) (471.1389610807171,1378.008732641639) (472.1389610807171,1378.008732641639) (472.1389610807171,1352.008822668872) (473.1389610807171,1352.008822668872) (473.1389610807171,1326.008912696106) (474.1389610807171,1326.008912696106) (474.1389610807171,1300.009002723339) (475.1389610807171,1300.009002723339) (475.1389610807171,1274.009092750572) (476.1389610807171,1274.009092750572) (476.1389610807171,1248.009182777805) (477.1389610807171,1248.009182777805) (477.1389610807171,1222.009272805039) (478.1389610807171,1222.009272805039) (478.1389610807171,1196.009362832272) (479.1389610807171,1196.009362832272) (479.1389610807171,1170.009452859505) (480.1389610807171,1170.009452859505) (480.1389610807171,1144.009542886738) (481.1389610807171,1144.009542886738) (481.1389610807171,1118.009632913971) (482.1389610807171,1118.009632913971) (482.1389610807171,1092.009722941205) (483.1389610807171,1092.009722941205) (483.1389610807171,1066.009812968438) (484.1389610807171,1066.009812968438) (484.1389610807171,1040.009902995671) (485.1389610807171,1040.009902995671) (485.1389610807171,1014.009993022904) (486.1389610807171,1014.009993022904) (486.1389610807171,988.0100830501376) (487.1389610807171,988.0100830501376) (487.1389610807171,962.0101730773708) (488.1389610807171,962.0101730773708) (488.1389610807171,936.0102631046041) (489.1389610807171,936.0102631046041) (489.1389610807171,910.0103531318373) (490.1389610807171,910.0103531318373) (490.1389610807171,884.0104431590705) (491.1389610807171,884.0104431590705) (491.1389610807171,858.0105331863037) (492.1389610807171,858.0105331863037) (492.1389610807171,832.010623213537) (493.1389610807171,832.010623213537) (493.1389610807171,806.0107132407702) (494.1389610807171,806.0107132407702) (494.1389610807171,780.0108032680034) (495.1389610807171,780.0108032680034) (495.1389610807171,754.0108932952367) (496.1389610807171,754.0108932952367) (496.1389610807171,728.0109833224699) (497.1389610807171,728.0109833224699) (497.1389610807171,702.0110733497031) (498.1389610807171,702.0110733497031) (498.1389610807171,676.0111633769363) (499.1389610807171,676.0111633769363) (499.1389610807171,650.0112534041696) (500.1389610807171,650.0112534041696) (500.1389610807171,624.0113434314028) (501.1389610807171,624.0113434314028) (501.1389610807171,598.011433458636) (502.1389610807171,598.011433458636) (502.1389610807171,572.0115234858692) (503.1389610807171,572.0115234858692) (503.1389610807171,546.0116135131025) (504.1389610807171,546.0116135131025) (504.1389610807171,520.0117035403357) (505.1389610807171,520.0117035403357) (505.1389610807171,494.0117935675689) (506.1389610807171,494.0117935675689) (506.1389610807171,468.0118835948022) (507.1389610807171,468.0118835948022) (507.1389610807171,442.0119736220354) (508.1389610807171,442.0119736220354) (508.1389610807171,416.0120636492686) (509.1389610807171,416.0120636492686) (509.1389610807171,390.0121536765018) (510.1389610807171,390.0121536765018) (510.1389610807171,364.0122437037351) (511.1389610807171,364.0122437037351) (511.1389610807171,338.0123337309683) (512.1389610807171,338.0123337309683) (512.1389610807171,312.0124237582015) (513.1389610807171,312.0124237582015) (513.1389610807171,286.0125137854347) (514.1389610807171,286.0125137854347) (514.1389610807171,260.012603812668) (515.1389610807171,260.012603812668) (515.1389610807171,234.0126938399012) (516.1389610807171,234.0126938399012) (516.1389610807171,208.0127838671344) (517.1389610807171,208.0127838671344) (517.1389610807171,182.0128738943677) (518.1389610807171,182.0128738943677) (518.1389610807171,156.0129639216009) (519.1389610807171,156.0129639216009) (519.1389610807171,130.0130539488341) (520.1389610807171,130.0130539488341) (520.1389610807171,104.0131439760674) (523.1389610807171,104.0131439760674) (523.1389610807171,103.9883006503721) (527.2795982216347,103.9883006503721) (527.2795982216347,103.9634573246768) (528.2795982216347,103.9634573246768) (528.2795982216347,103.9386139989815) (529.2795982216347,103.9386139989815) (529.2795982216347,103.9137706732863) (530.2795982216347,103.9137706732863) (530.2795982216347,103.888927347591) (531.2795982216347,103.888927347591) (531.2795982216347,103.8640840218957) (532.2795982216347,103.8640840218957) (532.2795982216347,103.8392406962004) (533.2795982216347,103.8392406962004) (533.2795982216347,103.8143973705052) (534.2795982216347,103.8143973705052) (534.2795982216347,103.7895540448099) (535.2795982216347,103.7895540448099) (535.2795982216347,103.7647107191146) (536.2795982216347,103.7647107191146) (536.2795982216347,103.7398673934194) (537.2795982216347,103.7398673934194) (537.2795982216347,103.7150240677241) (538.2795982216347,103.7150240677241) (538.2795982216347,103.6901807420288) (539.2795982216347,103.6901807420288) (539.2795982216347,103.6653374163335) (540.2795982216347,103.6653374163335) (540.2795982216347,103.6404940906383) (541.2795982216347,103.6404940906383) (541.2795982216347,103.615650764943) (542.2795982216347,103.615650764943) (542.2795982216347,103.5908074392477) (543.2795982216347,103.5908074392477) (543.2795982216347,103.5659641135525) (544.2795982216347,103.5659641135525) (544.2795982216347,103.5411207878572) (545.2795982216347,103.5411207878572) (545.2795982216347,103.5162774621619) (546.2795982216347,103.5162774621619) (546.2795982216347,103.4914341364666) (547.2795982216347,103.4914341364666) (547.2795982216347,103.4665908107714) (548.2795982216347,103.4665908107714) (548.2795982216347,103.4417474850761) (549.2795982216347,103.4417474850761) (549.2795982216347,103.4169041593808) (550.2795982216347,103.4169041593808) (550.2795982216347,103.3920608336855) (551.2795982216347,103.3920608336855) (551.2795982216347,103.3672175079903) (552.2795982216347,103.3672175079903) (552.2795982216347,103.342374182295) (553.2795982216347,103.342374182295) (553.2795982216347,103.3175308565997) (554.2795982216347,103.3175308565997) (554.2795982216347,103.2926875309045) (555.2795982216347,103.2926875309045) (555.2795982216347,103.2678442052092) (556.2795982216347,103.2678442052092) (556.2795982216347,103.2430008795139) (557.2795982216347,103.2430008795139) (557.2795982216347,103.2181575538186) (558.2795982216347,103.2181575538186) (558.2795982216347,103.1933142281234) (559.2795982216347,103.1933142281234) (559.2795982216347,103.1684709024281) (560.2795982216347,103.1684709024281) (560.2795982216347,103.1436275767328) (561.2795982216347,103.1436275767328) (561.2795982216347,103.1187842510376) (562.2795982216347,103.1187842510376) (562.2795982216347,103.0939409253423) (563.2795982216347,103.0939409253423) (563.2795982216347,103.069097599647) (564.2795982216347,103.069097599647) (564.2795982216347,103.0442542739517) (565.2795982216347,103.0442542739517) (565.2795982216347,103.0194109482565) (566.2795982216347,103.0194109482565) (566.2795982216347,102.9945676225612) (567.2795982216347,102.9945676225612) (567.2795982216347,102.9697242968659) (568.2795982216347,102.9697242968659) (568.2795982216347,102.9448809711706) (569.2795982216347,102.9448809711706) (569.2795982216347,102.9200376454754) (570.2795982216347,102.9200376454754) (570.2795982216347,102.8951943197801) (571.2795982216347,102.8951943197801) (571.2795982216347,102.8703509940848) (572.2795982216347,102.8703509940848) (572.2795982216347,102.8455076683896) (573.2795982216347,102.8455076683896) (573.2795982216347,102.8206643426943) (574.2795982216347,102.8206643426943) (574.2795982216347,102.795821016999) (575.2795982216347,102.795821016999) (575.2795982216347,102.7709776913037) (576.2795982216347,102.7709776913037) (576.2795982216347,102.7461343656085) (577.2795982216347,102.7461343656085) (577.2795982216347,102.7212910399132) (578.2795982216347,102.7212910399132) (578.2795982216347,102.6964477142179) (579.2795982216347,102.6964477142179) (579.2795982216347,102.6716043885227) (580.2795982216347,102.6716043885227) (580.2795982216347,102.6467610628274) (581.2795982216347,102.6467610628274) (581.2795982216347,102.6219177371321) (582.2795982216347,102.6219177371321) (582.2795982216347,102.5970744114368) (583.2795982216347,102.5970744114368) (583.2795982216347,102.5722310857416) (584.2795982216347,102.5722310857416) (584.2795982216347,102.5473877600463) (585.2795982216347,102.5473877600463) (585.2795982216347,102.522544434351) (586.2795982216347,102.522544434351) (586.2795982216347,102.4977011086557) (587.2795982216347,102.4977011086557) (587.2795982216347,102.4728577829605) (588.2795982216347,102.4728577829605) (588.2795982216347,102.4480144572652) (589.2795982216347,102.4480144572652) (589.2795982216347,102.4231711315699) (590.2795982216347,102.4231711315699) (590.2795982216347,102.3983278058747) (591.2795982216347,102.3983278058747) (591.2795982216347,102.3734844801794) (592.2795982216347,102.3734844801794) (592.2795982216347,102.3486411544841) (593.2795982216347,102.3486411544841) (593.2795982216347,102.3237978287888) (594.2795982216347,102.3237978287888) (594.2795982216347,102.2989545030936) (595.2795982216347,102.2989545030936) (595.2795982216347,102.2741111773983) (596.2795982216347,102.2741111773983) (596.2795982216347,102.249267851703) (597.2795982216347,102.249267851703) (597.2795982216347,102.2244245260078) (598.2795982216347,102.2244245260078) (598.2795982216347,102.1995812003125) (599.2795982216347,102.1995812003125) (599.2795982216347,102.1747378746172) (600.2795982216347,102.1747378746172) (600.2795982216347,102.1498945489219) (601.2795982216347,102.1498945489219) (601.2795982216347,102.1250512232267) (602.2795982216347,102.1250512232267) (602.2795982216347,102.1002078975314) (603.2795982216347,102.1002078975314) (603.2795982216347,102.0753645718361) (604.2795982216347,102.0753645718361) (604.2795982216347,102.0505212461408) (605.2795982216347,102.0505212461408) (605.2795982216347,102.0256779204456) (606.2795982216347,102.0256779204456) (606.2795982216347,102.0008345947503) (607.2795982216347,102.0008345947503) (607.2795982216347,101.975991269055) (608.2795982216347,101.975991269055) (608.2795982216347,101.9511479433598) (609.2795982216347,101.9511479433598) (609.2795982216347,101.9263046176645) (610.2795982216347,101.9263046176645) (610.2795982216347,101.9014612919692) (611.2795982216347,101.9014612919692) (611.2795982216347,101.8766179662739) (612.2795982216347,101.8766179662739) (612.2795982216347,101.8517746405787) (613.2795982216347,101.8517746405787) (613.2795982216347,101.8269313148834) (614.2795982216347,101.8269313148834) (614.2795982216347,101.8020879891881) (615.2795982216347,101.8020879891881) (615.2795982216347,101.7772446634929) (616.2795982216347,101.7772446634929) (616.2795982216347,101.7524013377976) (617.2795982216347,101.7524013377976) (617.2795982216347,101.7275580121023) (618.2795982216347,101.7275580121023) (618.2795982216347,101.702714686407) (619.2795982216347,101.702714686407) (619.2795982216347,101.6778713607118) (620.2795982216347,101.6778713607118) (620.2795982216347,101.6530280350165) (621.2795982216347,101.6530280350165) (621.2795982216347,101.6281847093212) (622.2795982216347,101.6281847093212) (622.2795982216347,101.6033413836259) (623.2795982216347,101.6033413836259) (623.2795982216347,101.5784980579307) (624.2795982216347,101.5784980579307) (624.2795982216347,101.5536547322354) (625.2795982216347,101.5536547322354) (625.2795982216347,101.5288114065401) (626.2795982216347,101.5288114065401) (626.2795982216347,101.5039680808449) (627.2795982216347,101.5039680808449) (627.2795982216347,101.4791247551496) (628.2795982216347,101.4791247551496) (628.2795982216347,101.4542814294543) (629.2795982216347,101.4542814294543) (629.2795982216347,101.429438103759) (630.2795982216347,101.429438103759) (630.2795982216347,101.4045947780638) (631.2795982216347,101.4045947780638) (631.2795982216347,101.3797514523685) (632.2795982216347,101.3797514523685) (632.2795982216347,101.3549081266732) (633.2795982216347,101.3549081266732) (633.2795982216347,101.330064800978) (634.2795982216347,101.330064800978) (634.2795982216347,101.3052214752827) (635.2795982216347,101.3052214752827) (635.2795982216347,101.2803781495874) (636.2795982216347,101.2803781495874) (636.2795982216347,101.2555348238921) (637.2795982216347,101.2555348238921) (637.2795982216347,101.2306914981969) (638.2795982216347,101.2306914981969) (638.2795982216347,101.2058481725016) (639.2795982216347,101.2058481725016) (639.2795982216347,101.1810048468063) (640.2795982216347,101.1810048468063) (640.2795982216347,101.156161521111) (641.2795982216347,101.156161521111) (641.2795982216347,101.1313181954158) (642.2795982216347,101.1313181954158) (642.2795982216347,101.1064748697205) (643.2795982216347,101.1064748697205) (643.2795982216347,101.0816315440252) (644.2795982216347,101.0816315440252) (644.2795982216347,101.05678821833) (645.2795982216347,101.05678821833) (645.2795982216347,101.0319448926347) (646.2795982216347,101.0319448926347) (646.2795982216347,101.0071015669394) (647.2795982216347,101.0071015669394) (647.2795982216347,100.9822582412441) (648.2795982216347,100.9822582412441) (648.2795982216347,100.9574149155489) (649.2795982216347,100.9574149155489) (649.2795982216347,100.9325715898536) (650.2795982216347,100.9325715898536) (650.2795982216347,100.9077282641583) (651.2795982216347,100.9077282641583) (651.2795982216347,100.8828849384631) (652.2795982216347,100.8828849384631) (652.2795982216347,100.8580416127678) (653.2795982216347,100.8580416127678) (653.2795982216347,100.8331982870725) (654.2795982216347,100.8331982870725) (654.2795982216347,100.8083549613772) (655.2795982216347,100.8083549613772) (655.2795982216347,100.783511635682) (656.2795982216347,100.783511635682) (656.2795982216347,100.7586683099867) (657.2795982216347,100.7586683099867) (657.2795982216347,100.7338249842914) (658.2795982216347,100.7338249842914) (658.2795982216347,100.7089816585961) (659.2795982216347,100.7089816585961) (659.2795982216347,100.6841383329009) (660.2795982216347,100.6841383329009) (660.2795982216347,100.6592950072056) (661.2795982216347,100.6592950072056) (661.2795982216347,100.6344516815103) (662.2795982216347,100.6344516815103) (662.2795982216347,100.6096083558151) (663.2795982216347,100.6096083558151) (663.2795982216347,100.5847650301198) (664.2795982216347,100.5847650301198) (664.2795982216347,100.5599217044245) (665.2795982216347,100.5599217044245) (665.2795982216347,100.5350783787292) (666.2795982216347,100.5350783787292) (666.2795982216347,100.510235053034) (667.2795982216347,100.510235053034) (667.2795982216347,100.4853917273387) (668.2795982216347,100.4853917273387) (668.2795982216347,100.4605484016434) (669.2795982216347,100.4605484016434) (669.2795982216347,100.4357050759481) (670.2795982216347,100.4357050759481) (670.2795982216347,100.4108617502529) (671.2795982216347,100.4108617502529) (671.2795982216347,100.3860184245576) (672.2795982216347,100.3860184245576) (672.2795982216347,100.3611750988623) (673.2795982216347,100.3611750988623) (673.2795982216347,100.3363317731671) (674.2795982216347,100.3363317731671) (674.2795982216347,100.3114884474718) (675.2795982216347,100.3114884474718) (675.2795982216347,100.2866451217765) (676.2795982216347,100.2866451217765) (676.2795982216347,100.2618017960812) (677.2795982216347,100.2618017960812) (677.2795982216347,100.236958470386) (678.2795982216347,100.236958470386) (678.2795982216347,100.2121151446907) (679.2795982216347,100.2121151446907) (679.2795982216347,100.1872718189954) (680.2795982216347,100.1872718189954) (680.2795982216347,100.1624284933002) (681.2795982216347,100.1624284933002) (681.2795982216347,100.1375851676049) (682.2795982216347,100.1375851676049) (682.2795982216347,100.1127418419096) (683.2795982216347,100.1127418419096) (683.2795982216347,100.0878985162143) (684.2795982216347,100.0878985162143) (684.2795982216347,100.0630551905191) (685.2795982216347,100.0630551905191) (685.2795982216347,100.0382118648238) (686.2795982216347,100.0382118648238) (686.2795982216347,100.0133685391285) (687.2795982216347,100.0133685391285) (687.2795982216347,100) (689.8503945484297,100) (689.8503945484297,126) (690.8503945484297,126) (690.8503945484297,152) (691.8503945484297,152) (691.8503945484297,178) (692.8503945484297,178) (692.8503945484297,204) (693.8503945484297,204) (693.8503945484297,230) (694.8503945484297,230) (694.8503945484297,256) (695.8503945484297,256) (695.8503945484297,282) (696.8503945484297,282) (696.8503945484297,308) (697.8503945484297,308) (697.8503945484297,334) (698.8503945484297,334) (698.8503945484297,360) (699.8503945484297,360) (700,386)
batteryCharge[0]:
[0]: (0,100) (700,100)
robPositionX[1]:
[0]: (0,0) (0,600) (2,600) (2,626) (3,626) (3,652) (4,652) (4,678) (5,678) (5,704) (6,704) (6,730) (7,730) (7,756) (8,756) (8,782) (9,782) (9,808) (10,808) (10,834) (11,834) (11,860) (12,860) (12,886) (13,886) (13,912) (14,912) (14,938) (15,938) (15,964) (16,964) (16,990) (17,990) (17,1016) (18,1016) (18,1042) (19,1042) (19,1068) (20,1068) (20,1094) (21,1094) (21,1120) (22,1120) (22,1146) (23,1146) (23,1172) (24,1172) (24,1198) (25,1198) (25,1224) (26,1224) (26,1250) (27,1250) (27,1276) (28,1276) (28,1302) (29,1302) (29,1328) (30,1328) (30,1354) (31,1354) (31,1380) (32,1380) (32,1406) (33,1406) (33,1432) (34,1432) (34,1458) (35,1458) (35,1484) (36,1484) (36,1510) (37,1510) (37,1536) (38,1536) (38,1562) (39,1562) (39,1588) (40,1588) (40,1614) (41,1614) (41,1640) (42,1640) (42,1666) (43,1666) (43,1692) (44,1692) (44,1718) (45,1718) (45,1744) (46,1744) (46,1770) (47,1770) (47,1796) (48,1796) (48,1822) (49,1822) (49,1848) (50,1848) (50,1874) (51,1874) (51,1900) (52,1900) (52,1926) (53,1926) (53,1952) (54,1952) (54,1978) (55,1978) (55,2004) (56,2004) (56,2030) (57,2030) (57,2056) (58,2056) (58,2082) (59,2082) (59,2108) (60,2108) (60,2134) (61,2134) (61,2160) (62,2160) (62,2186) (63,2186) (63,2212) (64,2212) (64,2238) (65,2238) (65,2264) (66,2264) (66,2290) (67,2290) (67,2316) (68,2316) (68,2342) (69,2342) (69,2368) (70,2368) (70,2394) (71,2394) (71,2420) (72,2420) (72,2446) (73,2446) (73,2472) (74,2472) (74,2498) (75,2498) (75,2524) (76,2524) (76,2550) (77,2550) (77,2576) (78,2576) (78,2602) (79,2602) (79,2628) (80,2628) (80,2654) (81,2654) (81,2680) (82,2680) (82,2706) (83,2706) (83,2732) (84,2732) (84,2758) (85,2758) (85,2784) (86,2784) (86,2810) (87,2810) (87,2836) (88,2836) (88,2862) (89,2862) (89,2888) (90,2888) (90,2914) (91,2914) (91,2940) (92,2940) (92,2966) (93,2966) (93,2992) (94,2992) (94,3018) (95,3018) (95,3044) (96,3044) (96,3070) (97,3070) (97,3096) (98,3096) (98,3122) (99,3122) (99,3148) (100,3148) (100,3174) (101,3174) (101,3200) (102,3200) (102,3226) (103,3226) (103,3252) (104,3252) (104,3278) (105,3278) (105,3304) (106,3304) (106,3330) (107,3330) (107,3356) (108,3356) (108,3382) (109,3382) (109,3408) (110,3408) (110,3434) (111,3434) (111,3460) (112,3460) (112,3486) (113,3486) (113,3512) (114,3512) (114,3538) (115,3538) (115,3564) (116,3564) (116,3590) (117,3590) (117,3616) (118,3616) (118,3642) (119,3642) (119,3668) (120,3668) (120,3694) (121,3694) (121,3720) (122,3720) (122,3746) (123,3746) (123,3772) (124,3772) (124,3798) (125,3798) (125,3824) (126,3824) (126,3850) (127,3850) (127,3876) (128,3876) (128,3902) (129,3902) (129,3928) (130,3928) (130,3954) (131,3954) (131,3980) (132,3980) (132,4006) (133,4006) (133,4032) (134,4032) (134,4058) (135,4058) (135,4084) (136,4084) (136,4110) (137,4110) (137,4136) (138,4136) (138,4162) (139,4162) (139,4188) (140,4188) (140,4214) (141,4214) (141,4240) (142,4240) (142,4266) (143,4266) (143,4292) (144,4292) (144,4318) (145,4318) (145,4344) (146,4344) (146,4370) (147,4370) (147,4396) (148,4396) (148,4422) (149,4422) (149,4448) (150,4448) (150,4474) (151,4474) (151,4500) (152,4500) (152,4526) (153,4526) (153,4552) (154,4552) (154,4578) (155,4578) (155,4604) (156,4604) (156,4630) (157,4630) (157,4656) (158,4656) (158,4682) (159,4682) (159,4708) (160,4708) (160,4734) (161,4734) (161,4760) (162,4760) (162,4786) (163,4786) (163,4812) (164,4812) (164,4838) (165,4838) (165,4864) (166,4864) (166,4890) (167,4890) (167,4916) (168,4916) (168,4942) (169,4942) (169,4968) (170,4968) (170,4994) (171,4994) (171,5020) (172,5020) (172,5046) (173,5046) (173,5072) (174,5072) (174,5098) (175,5098) (175,5124) (176,5124) (176,5150) (177,5150) (177,5176) (178,5176) (178,5202) (179,5202) (179,5228) (180,5228) (180,5254) (181,5254) (181,5280) (182,5280) (182,5306) (183,5306) (183,5332) (184,5332) (184,5358) (185,5358) (185,5384) (186,5384) (186,5410) (187,5410) (187,5436) (188,5436) (188,5462) (189,5462) (189,5488) (190,5488) (190,5514) (191,5514) (191,5540) (192,5540) (192,5566) (193,5566) (193,5592) (194,5592) (194,5618) (195,5618) (195,5644) (196,5644) (196,5670) (197,5670) (197,5696) (198,5696) (198,5722) (199,5722) (199,5748) (200,5748) (200,5774) (201,5774) (201,5800) (202,5800) (202,5826) (203,5826) (203,5852) (204,5852) (204,5878) (205,5878) (205,5904) (206,5904) (206,5930) (207,5930) (207,5956) (208,5956) (208,5982) (209,5982) (209,6008) (210,6008) (210,6034) (211,6034) (211,6060) (212,6060) (212,6086) (213,6086) (213,6112) (214,6112) (214,6138) (215,6138) (215,6164) (216,6164) (216,6190) (374.5707963267949,6190) (374.5707963267949,6190.068420815718) (377.1389610807171,6190.068420815718) (377.1389610807171,6190.136841631436) (378.1389610807171,6190.136841631436) (378.1389610807171,6190.205262447154) (379.1389610807171,6190.205262447154) (379.1389610807171,6190.273683262873) (380.1389610807171,6190.273683262873) (380.1389610807171,6190.342104078591) (381.1389610807171,6190.342104078591) (381.1389610807171,6190.410524894309) (382.1389610807171,6190.410524894309) (382.1389610807171,6190.478945710027) (383.1389610807171,6190.478945710027) (383.1389610807171,6190.547366525745) (384.1389610807171,6190.547366525745) (384.1389610807171,6190.615787341463) (385.1389610807171,6190.615787341463) (385.1389610807171,6190.684208157181) (386.1389610807171,6190.684208157181) (386.1389610807171,6190.752628972899) (387.1389610807171,6190.752628972899) (387.1389610807171,6190.821049788618) (388.1389610807171,6190.821049788618) (388.1389610807171,6190.889470604336) (389.1389610807171,6190.889470604336) (389.1389610807171,6190.957891420054) (390.1389610807171,6190.957891420054) (390.1389610807171,6191.026312235772) (391.1389610807171,6191.026312235772) (391.1389610807171,6191.09473305149) (392.1389610807171,6191.09473305149) (392.1389610807171,6191.163153867208) (393.1389610807171,6191.163153867208) (393.1389610807171,6191.231574682926) (394.1389610807171,6191.231574682926) (394.1389610807171,6191.299995498644) (395.1389610807171,6191.299995498644) (395.1389610807171,6191.368416314363) (396.1389610807171,6191.368416314363) (396.1389610807171,6191.436837130081) (397.1389610807171,6191.436837130081) (397.1389610807171,6191.505257945799) (398.1389610807171,6191.505257945799) (398.1389610807171,6191.573678761517) (399.1389610807171,6191.573678761517) (399.1389610807171,6191.642099577235) (400.1389610807171,6191.642099577235) (400.1389610807171,6191.710520392953) (401.1389610807171,6191.710520392953) (401.1389610807171,6191.778941208671) (402.1389610807171,6191.778941208671) (402.1389610807171,6191.847362024389) (403.1389610807171,6191.847362024389) (403.1389610807171,6191.915782840108) (404.1389610807171,6191.915782840108) (404.1389610807171,6191.984203655826) (405.1389610807171,6191.984203655826) (405.1389610807171,6192.052624471544) (406.1389610807171,6192.052624471544) (406.1389610807171,6192.121045287262) (407.1389610807171,6192.121045287262) (407.1389610807171,6192.18946610298) (408.1389610807171,6192.18946610298) (408.1389610807171,6192.257886918698) (409.1389610807171,6192.257886918698) (409.1389610807171,6192.326307734416) (410.1389610807171,6192.326307734416) (410.1389610807171,6192.394728550134) (411.1389610807171,6192.394728550134) (411.1389610807171,6192.463149365853) (412.1389610807171,6192.463149365853) (412.1389610807171,6192.531570181571) (413.1389610807171,6192.531570181571) (413.1389610807171,6192.599990997289) (414.1389610807171,6192.599990997289) (414.1389610807171,6192.668411813007) (415.1389610807171,6192.668411813007) (415.1389610807171,6192.736832628725) (416.1389610807171,6192.736832628725) (416.1389610807171,6192.805253444443) (417.1389610807171,6192.805253444443) (417.1389610807171,6192.873674260161) (418.1389610807171,6192.873674260161) (418.1389610807171,6192.942095075879) (419.1389610807171,6192.942095075879) (419.1389610807171,6193.010515891598) (420.1389610807171,6193.010515891598) (420.1389610807171,6193.078936707316) (421.1389610807171,6193.078936707316) (421.1389610807171,6193.147357523034) (422.1389610807171,6193.147357523034) (422.1389610807171,6193.215778338752) (423.1389610807171,6193.215778338752) (423.1389610807171,6193.28419915447) (424.1389610807171,6193.28419915447) (424.1389610807171,6193.352619970188) (425.1389610807171,6193.352619970188) (425.1389610807171,6193.421040785906) (426.1389610807171,6193.421040785906) (426.1389610807171,6193.489461601624) (427.1389610807171,6193.489461601624) (427.1389610807171,6193.557882417343) (428.1389610807171,6193.557882417343) (428.1389610807171,6193.626303233061) (429.1389610807171,6193.626303233061) (429.1389610807171,6193.694724048779) (430.1389610807171,6193.694724048779) (430.1389610807171,6193.763144864497) (431.1389610807171,6193.763144864497) (431.1389610807171,6193.831565680215) (432.1389610807171,6193.831565680215) (432.1389610807171,6193.899986495933) (433.1389610807171,6193.899986495933) (433.1389610807171,6193.968407311651) (434.1389610807171,6193.968407311651) (434.1389610807171,6194.03682812737) (435.1389610807171,6194.03682812737) (435.1389610807171,6194.105248943088) (436.1389610807171,6194.105248943088) (436.1389610807171,6194.173669758806) (437.1389610807171,6194.173669758806) (437.1389610807171,6194.242090574524) (438.1389610807171,6194.242090574524) (438.1389610807171,6194.310511390242) (439.1389610807171,6194.310511390242) (439.1389610807171,6194.37893220596) (440.1389610807171,6194.37893220596) (440.1389610807171,6194.447353021678) (441.1389610807171,6194.447353021678) (441.1389610807171,6194.515773837396) (442.1389610807171,6194.515773837396) (442.1389610807171,6194.584194653115) (443.1389610807171,6194.584194653115) (443.1389610807171,6194.652615468833) (444.1389610807171,6194.652615468833) (444.1389610807171,6194.721036284551) (445.1389610807171,6194.721036284551) (445.1389610807171,6194.789457100269) (446.1389610807171,6194.789457100269) (446.1389610807171,6194.857877915987) (447.1389610807171,6194.857877915987) (447.1389610807171,6194.926298731705) (448.1389610807171,6194.926298731705) (448.1389610807171,6194.994719547423) (449.1389610807171,6194.994719547423) (449.1389610807171,6195.063140363141) (450.1389610807171,6195.063140363141) (450.1389610807171,6195.13156117886) (451.1389610807171,6195.13156117886) (451.1389610807171,6195.199981994578) (452.1389610807171,6195.199981994578) (452.1389610807171,6195.268402810296) (453.1389610807171,6195.268402810296) (453.1389610807171,6195.336823626014) (454.1389610807171,6195.336823626014) (454.1389610807171,6195.405244441732) (455.1389610807171,6195.405244441732) (455.1389610807171,6195.47366525745) (456.1389610807171,6195.47366525745) (456.1389610807171,6195.542086073168) (457.1389610807171,6195.542086073168) (457.1389610807171,6195.610506888886) (458.1389610807171,6195.610506888886) (458.1389610807171,6195.678927704605) (459.1389610807171,6195.678927704605) (459.1389610807171,6195.747348520323) (460.1389610807171,6195.747348520323) (460.1389610807171,6195.815769336041) (461.1389610807171,6195.815769336041) (461.1389610807171,6195.884190151759) (462.1389610807171,6195.884190151759) (462.1389610807171,6195.952610967477) (463.1389610807171,6195.952610967477) (463.1389610807171,6196.021031783195) (464.1389610807171,6196.021031783195) (464.1389610807171,6196.089452598913) (465.1389610807171,6196.089452598913) (465.1389610807171,6196.157873414631) (466.1389610807171,6196.157873414631) (466.1389610807171,6196.22629423035) (467.1389610807171,6196.22629423035) (467.1389610807171,6196.294715046068) (468.1389610807171,6196.294715046068) (468.1389610807171,6196.363135861786) (469.1389610807171,6196.363135861786) (469.1389610807171,6196.431556677504) (470.1389610807171,6196.431556677504) (470.1389610807171,6196.499977493222) (471.1389610807171,6196.499977493222) (471.1389610807171,6196.56839830894) (472.1389610807171,6196.56839830894) (472.1389610807171,6196.636819124658) (473.1389610807171,6196.636819124658) (473.1389610807171,6196.705239940376) (474.1389610807171,6196.705239940376) (474.1389610807171,6196.773660756095) (475.1389610807171,6196.773660756095) (475.1389610807171,6196.842081571813) (476.1389610807171,6196.842081571813) (476.1389610807171,6196.910502387531) (477.1389610807171,6196.910502387531) (477.1389610807171,6196.978923203249) (478.1389610807171,6196.978923203249) (478.1389610807171,6197.047344018967) (479.1389610807171,6197.047344018967) (479.1389610807171,6197.115764834685) (480.1389610807171,6197.115764834685) (480.1389610807171,6197.184185650403) (481.1389610807171,6197.184185650403) (481.1389610807171,6197.252606466122) (482.1389610807171,6197.252606466122) (482.1389610807171,6197.32102728184) (483.1389610807171,6197.32102728184) (483.1389610807171,6197.389448097558) (484.1389610807171,6197.389448097558) (484.1389610807171,6197.457868913276) (485.1389610807171,6197.457868913276) (485.1389610807171,6197.526289728994) (486.1389610807171,6197.526289728994) (486.1389610807171,6197.594710544712) (487.1389610807171,6197.594710544712) (487.1389610807171,6197.66313136043) (488.1389610807171,6197.66313136043) (488.1389610807171,6197.731552176148) (489.1389610807171,6197.731552176148) (489.1389610807171,6197.799972991867) (490.1389610807171,6197.799972991867) (490.1389610807171,6197.868393807585) (491.1389610807171,6197.868393807585) (491.1389610807171,6197.936814623303) (492.1389610807171,6197.936814623303) (492.1389610807171,6198.005235439021) (493.1389610807171,6198.005235439021) (493.1389610807171,6198.073656254739) (494.1389610807171,6198.073656254739) (494.1389610807171,6198.142077070457) (495.1389610807171,6198.142077070457) (495.1389610807171,6198.210497886175) (496.1389610807171,6198.210497886175) (496.1389610807171,6198.278918701893) (497.1389610807171,6198.278918701893) (497.1389610807171,6198.347339517612) (498.1389610807171,6198.347339517612) (498.1389610807171,6198.41576033333) (499.1389610807171,6198.41576033333) (499.1389610807171,6198.484181149048) (500.1389610807171,6198.484181149048) (500.1389610807171,6198.552601964766) (501.1389610807171,6198.552601964766) (501.1389610807171,6198.621022780484) (502.1389610807171,6198.621022780484) (502.1389610807171,6198.689443596202) (503.1389610807171,6198.689443596202) (503.1389610807171,6198.75786441192) (504.1389610807171,6198.75786441192) (504.1389610807171,6198.826285227638) (505.1389610807171,6198.826285227638) (505.1389610807171,6198.894706043357) (506.1389610807171,6198.894706043357) (506.1389610807171,6198.963126859075) (507.1389610807171,6198.963126859075) (507.1389610807171,6199.031547674793) (508.1389610807171,6199.031547674793) (508.1389610807171,6199.099968490511) (509.1389610807171,6199.099968490511) (509.1389610807171,6199.168389306229) (510.1389610807171,6199.168389306229) (510.1389610807171,6199.236810121947) (511.1389610807171,6199.236810121947) (511.1389610807171,6199.305230937665) (512.1389610807171,6199.305230937665) (512.1389610807171,6199.373651753383) (513.1389610807171,6199.373651753383) (513.1389610807171,6199.442072569102) (514.1389610807171,6199.442072569102) (514.1389610807171,6199.51049338482) (515.1389610807171,6199.51049338482) (515.1389610807171,6199.578914200538) (516.1389610807171,6199.578914200538) (516.1389610807171,6199.647335016256) (517.1389610807171,6199.647335016256) (517.1389610807171,6199.715755831974) (518.1389610807171,6199.715755831974) (518.1389610807171,6199.784176647692) (519.1389610807171,6199.784176647692) (519.1389610807171,6199.85259746341) (520.1389610807171,6199.85259746341) (520.1389610807171,6199.921018279128) (521.1389610807171,6199.921018279128) (521.1389610807171,6199.989439094847) (522.1389610807171,6199.989439094847) (522.1389610807171,6173.989450963903) (526.2795982216347,6173.989450963903) (526.2795982216347,6147.98946283296) (527.2795982216347,6147.98946283296) (527.2795982216347,6121.989474702017) (528.2795982216347,6121.989474702017) (528.2795982216347,6095.989486571074) (529.2795982216347,6095.989486571074) (529.2795982216347,6069.989498440131) (530.2795982216347,6069.989498440131) (530.2795982216347,6043.989510309188) (531.2795982216347,6043.989510309188) (531.2795982216347,6017.989522178244) (532.2795982216347,6017.989522178244) (532.2795982216347,5991.989534047301) (533.2795982216347,5991.989534047301) (533.2795982216347,5965.989545916358) (534.2795982216347,5965.989545916358) (534.2795982216347,5939.989557785415) (535.2795982216347,5939.989557785415) (535.2795982216347,5913.989569654472) (536.2795982216347,5913.989569654472) (536.2795982216347,5887.989581523529) (537.2795982216347,5887.989581523529) (537.2795982216347,5861.989593392585) (538.2795982216347,5861.989593392585) (538.2795982216347,5835.989605261642) (539.2795982216347,5835.989605261642) (539.2795982216347,5809.989617130699) (540.2795982216347,5809.989617130699) (540.2795982216347,5783.989628999756) (541.2795982216347,5783.989628999756) (541.2795982216347,5757.989640868813) (542.2795982216347,5757.989640868813) (542.2795982216347,5731.98965273787) (543.2795982216347,5731.98965273787) (543.2795982216347,5705.989664606926) (544.2795982216347,5705.989664606926) (544.2795982216347,5679.989676475983) (545.2795982216347,5679.989676475983) (545.2795982216347,5653.98968834504) (546.2795982216347,5653.98968834504) (546.2795982216347,5627.989700214097) (547.2795982216347,5627.989700214097) (547.2795982216347,5601.989712083154) (548.2795982216347,5601.989712083154) (548.2795982216347,5575.989723952211) (549.2795982216347,5575.989723952211) (549.2795982216347,5549.989735821267) (550.2795982216347,5549.989735821267) (550.2795982216347,5523.989747690324) (551.2795982216347,5523.989747690324) (551.2795982216347,5497.989759559381) (552.2795982216347,5497.989759559381) (552.2795982216347,5471.989771428438) (553.2795982216347,5471.989771428438) (553.2795982216347,5445.989783297495) (554.2795982216347,5445.989783297495) (554.2795982216347,5419.989795166552) (555.2795982216347,5419.989795166552) (555.2795982216347,5393.989807035608) (556.2795982216347,5393.989807035608) (556.2795982216347,5367.989818904665) (557.2795982216347,5367.989818904665) (557.2795982216347,5341.989830773722) (558.2795982216347,5341.989830773722) (558.2795982216347,5315.989842642779) (559.2795982216347,5315.989842642779) (559.2795982216347,5289.989854511836) (560.2795982216347,5289.989854511836) (560.2795982216347,5263.989866380893) (561.2795982216347,5263.989866380893) (561.2795982216347,5237.989878249949) (562.2795982216347,5237.989878249949) (562.2795982216347,5211.989890119006) (563.2795982216347,5211.989890119006) (563.2795982216347,5185.989901988063) (564.2795982216347,5185.989901988063) (564.2795982216347,5159.98991385712) (565.2795982216347,5159.98991385712) (565.2795982216347,5133.989925726177) (566.2795982216347,5133.989925726177) (566.2795982216347,5107.989937595234) (567.2795982216347,5107.989937595234) (567.2795982216347,5081.98994946429) (568.2795982216347,5081.98994946429) (568.2795982216347,5055.989961333347) (569.2795982216347,5055.989961333347) (569.2795982216347,5029.989973202404) (570.2795982216347,5029.989973202404) (570.2795982216347,5003.989985071461) (571.2795982216347,5003.989985071461) (571.2795982216347,4977.989996940518) (572.2795982216347,4977.989996940518) (572.2795982216347,4951.990008809575) (573.2795982216347,4951.990008809575) (573.2795982216347,4925.990020678631) (574.2795982216347,4925.990020678631) (574.2795982216347,4899.990032547688) (575.2795982216347,4899.990032547688) (575.2795982216347,4873.990044416745) (576.2795982216347,4873.990044416745) (576.2795982216347,4847.990056285802) (577.2795982216347,4847.990056285802) (577.2795982216347,4821.990068154859) (578.2795982216347,4821.990068154859) (578.2795982216347,4795.990080023916) (579.2795982216347,4795.990080023916) (579.2795982216347,4769.990091892972) (580.2795982216347,4769.990091892972) (580.2795982216347,4743.990103762029) (581.2795982216347,4743.990103762029) (581.2795982216347,4717.990115631086) (582.2795982216347,4717.990115631086) (582.2795982216347,4691.990127500143) (583.2795982216347,4691.990127500143) (583.2795982216347,4665.9901393692) (584.2795982216347,4665.9901393692) (584.2795982216347,4639.990151238257) (585.2795982216347,4639.990151238257) (585.2795982216347,4613.990163107313) (586.2795982216347,4613.990163107313) (586.2795982216347,4587.99017497637) (587.2795982216347,4587.99017497637) (587.2795982216347,4561.990186845427) (588.2795982216347,4561.990186845427) (588.2795982216347,4535.990198714484) (589.2795982216347,4535.990198714484) (589.2795982216347,4509.990210583541) (590.2795982216347,4509.990210583541) (590.2795982216347,4483.990222452598) (591.2795982216347,4483.990222452598) (591.2795982216347,4457.990234321654) (592.2795982216347,4457.990234321654) (592.2795982216347,4431.990246190711) (593.2795982216347,4431.990246190711) (593.2795982216347,4405.990258059768) (594.2795982216347,4405.990258059768) (594.2795982216347,4379.990269928825) (595.2795982216347,4379.990269928825) (595.2795982216347,4353.990281797882) (596.2795982216347,4353.990281797882) (596.2795982216347,4327.990293666939) (597.2795982216347,4327.990293666939) (597.2795982216347,4301.990305535996) (598.2795982216347,4301.990305535996) (598.2795982216347,4275.990317405052) (599.2795982216347,4275.990317405052) (599.2795982216347,4249.990329274109) (600.2795982216347,4249.990329274109) (600.2795982216347,4223.990341143166) (601.2795982216347,4223.990341143166) (601.2795982216347,4197.990353012223) (602.2795982216347,4197.990353012223) (602.2795982216347,4171.99036488128) (603.2795982216347,4171.99036488128) (603.2795982216347,4145.990376750337) (604.2795982216347,4145.990376750337) (604.2795982216347,4119.990388619393) (605.2795982216347,4119.990388619393) (605.2795982216347,4093.990400488451) (606.2795982216347,4093.990400488451) (606.2795982216347,4067.990412357508) (607.2795982216347,4067.990412357508) (607.2795982216347,4041.990424226565) (608.2795982216347,4041.990424226565) (608.2795982216347,4015.990436095622) (609.2795982216347,4015.990436095622) (609.2795982216347,3989.99044796468) (610.2795982216347,3989.99044796468) (610.2795982216347,3963.990459833737) (611.2795982216347,3963.990459833737) (611.2795982216347,3937.990471702794) (612.2795982216347,3937.990471702794) (612.2795982216347,3911.990483571852) (613.2795982216347,3911.990483571852) (613.2795982216347,3885.990495440909) (614.2795982216347,3885.990495440909) (614.2795982216347,3859.990507309966) (615.2795982216347,3859.990507309966) (615.2795982216347,3833.990519179024) (616.2795982216347,3833.990519179024) (616.2795982216347,3807.990531048081) (617.2795982216347,3807.990531048081) (617.2795982216347,3781.990542917138) (618.2795982216347,3781.990542917138) (618.2795982216347,3755.990554786195) (619.2795982216347,3755.990554786195) (619.2795982216347,3729.990566655253) (620.2795982216347,3729.990566655253) (620.2795982216347,3703.99057852431) (621.2795982216347,3703.99057852431) (621.2795982216347,3677.990590393367) (622.2795982216347,3677.990590393367) (622.2795982216347,3651.990602262425) (623.2795982216347,3651.990602262425) (623.2795982216347,3625.990614131482) (624.2795982216347,3625.990614131482) (624.2795982216347,3599.990626000539) (625.2795982216347,3599.990626000539) (625.2795982216347,3573.990637869596) (626.2795982216347,3573.990637869596) (626.2795982216347,3547.990649738654) (627.2795982216347,3547.990649738654) (627.2795982216347,3521.990661607711) (628.2795982216347,3521.990661607711) (628.2795982216347,3495.990673476768) (629.2795982216347,3495.990673476768) (629.2795982216347,3469.990685345826) (630.2795982216347,3469.990685345826) (630.2795982216347,3443.990697214883) (631.2795982216347,3443.990697214883) (631.2795982216347,3417.99070908394) (632.2795982216347,3417.99070908394) (632.2795982216347,3391.990720952997) (633.2795982216347,3391.990720952997) (633.2795982216347,3365.990732822055) (634.2795982216347,3365.990732822055) (634.2795982216347,3339.990744691112) (635.2795982216347,3339.990744691112) (635.2795982216347,3313.990756560169) (636.2795982216347,3313.990756560169) (636.2795982216347,3287.990768429227) (637.2795982216347,3287.990768429227) (637.2795982216347,3261.990780298284) (638.2795982216347,3261.990780298284) (638.2795982216347,3235.990792167341) (639.2795982216347,3235.990792167341) (639.2795982216347,3209.990804036398) (640.2795982216347,3209.990804036398) (640.2795982216347,3183.990815905456) (641.2795982216347,3183.990815905456) (641.2795982216347,3157.990827774513) (642.2795982216347,3157.990827774513) (642.2795982216347,3131.99083964357) (643.2795982216347,3131.99083964357) (643.2795982216347,3105.990851512628) (644.2795982216347,3105.990851512628) (644.2795982216347,3079.990863381685) (645.2795982216347,3079.990863381685) (645.2795982216347,3053.990875250742) (646.2795982216347,3053.990875250742) (646.2795982216347,3027.990887119799) (647.2795982216347,3027.990887119799) (647.2795982216347,3001.990898988857) (648.2795982216347,3001.990898988857) (648.2795982216347,2975.990910857914) (649.2795982216347,2975.990910857914) (649.2795982216347,2949.990922726971) (650.2795982216347,2949.990922726971) (650.2795982216347,2923.990934596029) (651.2795982216347,2923.990934596029) (651.2795982216347,2897.990946465086) (652.2795982216347,2897.990946465086) (652.2795982216347,2871.990958334143) (653.2795982216347,2871.990958334143) (653.2795982216347,2845.990970203201) (654.2795982216347,2845.990970203201) (654.2795982216347,2819.990982072258) (655.2795982216347,2819.990982072258) (655.2795982216347,2793.990993941315) (656.2795982216347,2793.990993941315) (656.2795982216347,2767.991005810372) (657.2795982216347,2767.991005810372) (657.2795982216347,2741.99101767943) (658.2795982216347,2741.99101767943) (658.2795982216347,2715.991029548487) (659.2795982216347,2715.991029548487) (659.2795982216347,2689.991041417544) (660.2795982216347,2689.991041417544) (660.2795982216347,2663.991053286602) (661.2795982216347,2663.991053286602) (661.2795982216347,2637.991065155659) (662.2795982216347,2637.991065155659) (662.2795982216347,2611.991077024716) (663.2795982216347,2611.991077024716) (663.2795982216347,2585.991088893773) (664.2795982216347,2585.991088893773) (664.2795982216347,2559.991100762831) (665.2795982216347,2559.991100762831) (665.2795982216347,2533.991112631888) (666.2795982216347,2533.991112631888) (666.2795982216347,2507.991124500945) (667.2795982216347,2507.991124500945) (667.2795982216347,2481.991136370003) (668.2795982216347,2481.991136370003) (668.2795982216347,2455.99114823906) (669.2795982216347,2455.99114823906) (669.2795982216347,2429.991160108117) (670.2795982216347,2429.991160108117) (670.2795982216347,2403.991171977174) (671.2795982216347,2403.991171977174) (671.2795982216347,2377.991183846232) (672.2795982216347,2377.991183846232) (672.2795982216347,2351.991195715289) (673.2795982216347,2351.991195715289) (673.2795982216347,2325.991207584346) (674.2795982216347,2325.991207584346) (674.2795982216347,2299.991219453404) (675.2795982216347,2299.991219453404) (675.2795982216347,2273.991231322461) (676.2795982216347,2273.991231322461) (676.2795982216347,2247.991243191518) (677.2795982216347,2247.991243191518) (677.2795982216347,2221.991255060575) (678.2795982216347,2221.991255060575) (678.2795982216347,2195.991266929633) (679.2795982216347,2195.991266929633) (679.2795982216347,2169.99127879869) (680.2795982216347,2169.99127879869) (680.2795982216347,2143.991290667747) (681.2795982216347,2143.991290667747) (681.2795982216347,2117.991302536805) (682.2795982216347,2117.991302536805) (682.2795982216347,2091.991314405862) (683.2795982216347,2091.991314405862) (683.2795982216347,2065.991326274919) (684.2795982216347,2065.991326274919) (684.2795982216347,2039.991338143976) (685.2795982216347,2039.991338143976) (685.2795982216347,2013.991350013033) (686.2795982216347,2013.991350013033) (686.2795982216347,2000) (700,2000)
robPositionY[1]:
[0]: (0,0) (0,3900) (374.5707963267949,3900) (374.5707963267949,3874.000090027233) (377.1389610807171,3874.000090027233) (377.1389610807171,3848.000180054467) (378.1389610807171,3848.000180054467) (378.1389610807171,3822.0002700817) (379.1389610807171,3822.0002700817) (379.1389610807171,3796.000360108934) (380.1389610807171,3796.000360108934) (380.1389610807171,3770.000450136167) (381.1389610807171,3770.000450136167) (381.1389610807171,3744.000540163401) (382.1389610807171,3744.000540163401) (382.1389610807171,3718.000630190634) (383.1389610807171,3718.000630190634) (383.1389610807171,3692.000720217868) (384.1389610807171,3692.000720217868) (384.1389610807171,3666.000810245101) (385.1389610807171,3666.000810245101) (385.1389610807171,3640.000900272335) (386.1389610807171,3640.000900272335) (386.1389610807171,3614.000990299568) (387.1389610807171,3614.000990299568) (387.1389610807171,3588.001080326801) (388.1389610807171,3588.001080326801) (388.1389610807171,3562.001170354035) (389.1389610807171,3562.001170354035) (389.1389610807171,3536.001260381268) (390.1389610807171,3536.001260381268) (390.1389610807171,3510.001350408502) (391.1389610807171,3510.001350408502) (391.1389610807171,3484.001440435735) (392.1389610807171,3484.001440435735) (392.1389610807171,3458.001530462969) (393.1389610807171,3458.001530462969) (393.1389610807171,3432.001620490202) (394.1389610807171,3432.001620490202) (394.1389610807171,3406.001710517436) (395.1389610807171,3406.001710517436) (395.1389610807171,3380.001800544669) (396.1389610807171,3380.001800544669) (396.1389610807171,3354.001890571903) (397.1389610807171,3354.001890571903) (397.1389610807171,3328.001980599136) (398.1389610807171,3328.001980599136) (398.1389610807171,3302.002070626369) (399.1389610807171,3302.002070626369) (399.1389610807171,3276.002160653603) (400.1389610807171,3276.002160653603) (400.1389610807171,3250.002250680836) (401.1389610807171,3250.002250680836) (401.1389610807171,3224.00234070807) (402.1389610807171,3224.00234070807) (402.1389610807171,3198.002430735303) (403.1389610807171,3198.002430735303) (403.1389610807171,3172.002520762537) (404.1389610807171,3172.002520762537) (404.1389610807171,3146.00261078977) (405.1389610807171,3146.00261078977) (405.1389610807171,3120.002700817004) (406.1389610807171,3120.002700817004) (406.1389610807171,3094.002790844237) (407.1389610807171,3094.002790844237) (407.1389610807171,3068.002880871471) (408.1389610807171,3068.002880871471) (408.1389610807171,3042.002970898704) (409.1389610807171,3042.002970898704) (409.1389610807171,3016.003060925937) (410.1389610807171,3016.003060925937) (410.1389610807171,2990.003150953171) (411.1389610807171,2990.003150953171) (411.1389610807171,2964.003240980404) (412.1389610807171,2964.003240980404) (412.1389610807171,2938.003331007638) (413.1389610807171,2938.003331007638) (413.1389610807171,2912.003421034871) (414.1389610807171,2912.003421034871) (414.1389610807171,2886.003511062105) (415.1389610807171,2886.003511062105) (415.1389610807171,2860.003601089338) (416.1389610807171,2860.003601089338) (416.1389610807171,2834.003691116572) (417.1389610807171,2834.003691116572) (417.1389610807171,2808.003781143805) (418.1389610807171,2808.003781143805) (418.1389610807171,2782.003871171039) (419.1389610807171,2782.003871171039) (419.1389610807171,2756.003961198272) (420.1389610807171,2756.003961198272) (420.1389610807171,2730.004051225505) (421.1389610807171,2730.004051225505) (421.1389610807171,2704.004141252739) (422.1389610807171,2704.004141252739) (422.1389610807171,2678.004231279972) (423.1389610807171,2678.004231279972) (423.1389610807171,2652.004321307206) (424.1389610807171,2652.004321307206) (424.1389610807171,2626.004411334439) (425.1389610807171,2626.004411334439) (425.1389610807171,2600.004501361673) (426.1389610807171,2600.004501361673) (426.1389610807171,2574.004591388906) (427.1389610807171,2574.004591388906) (427.1389610807171,2548.00468141614) (428.1389610807171,2548.00468141614) (428.1389610807171,2522.004771443373) (429.1389610807171,2522.004771443373) (429.1389610807171,2496.004861470607) (430.1389610807171,2496.004861470607) (430.1389610807171,2470.00495149784) (431.1389610807171,2470.00495149784) (431.1389610807171,2444.005041525073) (432.1389610807171,2444.005041525073) (432.1389610807171,2418.005131552307) (433.1389610807171,2418.005131552307) (433.1389610807171,2392.00522157954) (434.1389610807171,2392.00522157954) (434.1389610807171,2366.005311606774) (435.1389610807171,2366.005311606774) (435.1389610807171,2340.005401634007) (436.1389610807171,2340.005401634007) (436.1389610807171,2314.005491661241) (437.1389610807171,2314.005491661241) (437.1389610807171,2288.005581688474) (438.1389610807171,2288.005581688474) (438.1389610807171,2262.005671715708) (439.1389610807171,2262.005671715708) (439.1389610807171,2236.005761742941) (440.1389610807171,2236.005761742941) (440.1389610807171,2210.005851770175) (441.1389610807171,2210.005851770175) (441.1389610807171,2184.005941797408) (442.1389610807171,2184.005941797408) (442.1389610807171,2158.006031824641) (443.1389610807171,2158.006031824641) (443.1389610807171,2132.006121851875) (444.1389610807171,2132.006121851875) (444.1389610807171,2106.006211879108) (445.1389610807171,2106.006211879108) (445.1389610807171,2080.006301906342) (446.1389610807171,2080.006301906342) (446.1389610807171,2054.006391933575) (447.1389610807171,2054.006391933575) (447.1389610807171,2028.006481960809) (448.1389610807171,2028.006481960809) (448.1389610807171,2002.006571988042) (449.1389610807171,2002.006571988042) (449.1389610807171,1976.006662015275) (450.1389610807171,1976.006662015275) (450.1389610807171,1950.006752042508) (451.1389610807171,1950.006752042508) (451.1389610807171,1924.006842069741) (452.1389610807171,1924.006842069741) (452.1389610807171,1898.006932096975) (453.1389610807171,1898.006932096975) (453.1389610807171,1872.007022124208) (454.1389610807171,1872.007022124208) (454.1389610807171,1846.007112151441) (455.1389610807171,1846.007112151441) (455.1389610807171,1820.007202178674) (456.1389610807171,1820.007202178674) (456.1389610807171,1794.007292205908) (457.1389610807171,1794.007292205908) (457.1389610807171,1768.007382233141) (458.1389610807171,1768.007382233141) (458.1389610807171,1742.007472260374) (459.1389610807171,1742.007472260374) (459.1389610807171,1716.007562287607) (460.1389610807171,1716.007562287607) (460.1389610807171,1690.00765231484) (461.1389610807171,1690.00765231484) (461.1389610807171,1664.007742342074) (462.1389610807171,1664.007742342074) (462.1389610807171,1638.007832369307) (463.1389610807171,1638.007832369307) (463.1389610807171,1612.00792239654) (464.1389610807171,1612.00792239654) (464.1389610807171,1586.008012423773) (465.1389610807171,1586.008012423773) (465.1389610807171,1560.008102451007) (466.1389610807171,1560.008102451007) (466.1389610807171,1534.00819247824) (467.1389610807171,1534.00819247824) (467.1389610807171,1508.008282505473) (468.1389610807171,1508.008282505473) (468.1389610807171,1482.008372532706) (469.1389610807171,1482.008372532706) (469.1389610807171,1456.00846255994) (470.1389610807171,1456.00846255994) (470.1389610807171,1430.008552587173) (471.1389610807171,1430.008552587173) (471.1389610807171,1404.008642614406) (472.1389610807171,1404.008642614406) (472.1389610807171,1378.008732641639) (473.1389610807171,1378.008732641639) (473.1389610807171,1352.008822668872) (474.1389610807171,1352.008822668872) (474.1389610807171,1326.008912696106) (475.1389610807171,1326.008912696106) (475.1389610807171,1300.009002723339) (476.1389610807171,1300.009002723339) (476.1389610807171,1274.009092750572) (477.1389610807171,1274.009092750572) (477.1389610807171,1248.009182777805) (478.1389610807171,1248.009182777805) (478.1389610807171,1222.009272805039) (479.1389610807171,1222.009272805039) (479.1389610807171,1196.009362832272) (480.1389610807171,1196.009362832272) (480.1389610807171,1170.009452859505) (481.1389610807171,1170.009452859505) (481.1389610807171,1144.009542886738) (482.1389610807171,1144.009542886738) (482.1389610807171,1118.009632913971) (483.1389610807171,1118.009632913971) (483.1389610807171,1092.009722941205) (484.1389610807171,1092.009722941205) (484.1389610807171,1066.009812968438) (485.1389610807171,1066.009812968438) (485.1389610807171,1040.009902995671) (486.1389610807171,1040.009902995671) (486.1389610807171,1014.009993022904) (487.1389610807171,1014.009993022904) (487.1389610807171,988.0100830501376) (488.1389610807171,988.0100830501376) (488.1389610807171,962.0101730773708) (489.1389610807171,962.0101730773708) (489.1389610807171,936.0102631046041) (490.1389610807171,936.0102631046041) (490.1389610807171,910.0103531318373) (491.1389610807171,910.0103531318373) (491.1389610807171,884.0104431590705) (492.1389610807171,884.0104431590705) (492.1389610807171,858.0105331863037) (493.1389610807171,858.0105331863037) (493.1389610807171,832.010623213537) (494.1389610807171,832.010623213537) (494.1389610807171,806.0107132407702) (495.1389610807171,806.0107132407702) (495.1389610807171,780.0108032680034) (496.1389610807171,780.0108032680034) (496.1389610807171,754.0108932952367) (497.1389610807171,754.0108932952367) (497.1389610807171,728.0109833224699) (498.1389610807171,728.0109833224699) (498.1389610807171,702.0110733497031) (499.1389610807171,702.0110733497031) (499.1389610807171,676.0111633769363) (500.1389610807171,676.0111633769363) (500.1389610807171,650.0112534041696) (501.1389610807171,650.0112534041696) (501.1389610807171,624.0113434314028) (502.1389610807171,624.0113434314028) (502.1389610807171,598.011433458636) (503.1389610807171,598.011433458636) (503.1389610807171,572.0115234858692) (504.1389610807171,572.0115234858692) (504.1389610807171,546.0116135131025) (505.1389610807171,546.0116135131025) (505.1389610807171,520.0117035403357) (506.1389610807171,520.0117035403357) (506.1389610807171,494.0117935675689) (507.1389610807171,494.0117935675689) (507.1389610807171,468.0118835948022) (508.1389610807171,468.0118835948022) (508.1389610807171,442.0119736220354) (509.1389610807171,442.0119736220354) (509.1389610807171,416.0120636492686) (510.1389610807171,416.0120636492686) (510.1389610807171,390.0121536765018) (511.1389610807171,390.0121536765018) (511.1389610807171,364.0122437037351) (512.1389610807171,364.0122437037351) (512.1389610807171,338.0123337309683) (513.1389610807171,338.0123337309683) (513.1389610807171,312.0124237582015) (514.1389610807171,312.0124237582015) (514.1389610807171,286.0125137854347) (515.1389610807171,286.0125137854347) (515.1389610807171,260.012603812668) (516.1389610807171,260.012603812668) (516.1389610807171,234.0126938399012) (517.1389610807171,234.0126938399012) (517.1389610807171,208.0127838671344) (518.1389610807171,208.0127838671344) (518.1389610807171,182.0128738943677) (519.1389610807171,182.0128738943677) (519.1389610807171,156.0129639216009) (520.1389610807171,156.0129639216009) (520.1389610807171,130.0130539488341) (521.1389610807171,130.0130539488341) (521.1389610807171,104.0131439760674) (522.1389610807171,104.0131439760674) (522.1389610807171,103.9883006503721) (526.2795982216347,103.9883006503721) (526.2795982216347,103.9634573246768) (527.2795982216347,103.9634573246768) (527.2795982216347,103.9386139989815) (528.2795982216347,103.9386139989815) (528.2795982216347,103.9137706732863) (529.2795982216347,103.9137706732863) (529.2795982216347,103.888927347591) (530.2795982216347,103.888927347591) (530.2795982216347,103.8640840218957) (531.2795982216347,103.8640840218957) (531.2795982216347,103.8392406962004) (532.2795982216347,103.8392406962004) (532.2795982216347,103.8143973705052) (533.2795982216347,103.8143973705052) (533.2795982216347,103.7895540448099) (534.2795982216347,103.7895540448099) (534.2795982216347,103.7647107191146) (535.2795982216347,103.7647107191146) (535.2795982216347,103.7398673934194) (536.2795982216347,103.7398673934194) (536.2795982216347,103.7150240677241) (537.2795982216347,103.7150240677241) (537.2795982216347,103.6901807420288) (538.2795982216347,103.6901807420288) (538.2795982216347,103.6653374163335) (539.2795982216347,103.6653374163335) (539.2795982216347,103.6404940906383) (540.2795982216347,103.6404940906383) (540.2795982216347,103.615650764943) (541.2795982216347,103.615650764943) (541.2795982216347,103.5908074392477) (542.2795982216347,103.5908074392477) (542.2795982216347,103.5659641135525) (543.2795982216347,103.5659641135525) (543.2795982216347,103.5411207878572) (544.2795982216347,103.5411207878572) (544.2795982216347,103.5162774621619) (545.2795982216347,103.5162774621619) (545.2795982216347,103.4914341364666) (546.2795982216347,103.4914341364666) (546.2795982216347,103.4665908107714) (547.2795982216347,103.4665908107714) (547.2795982216347,103.4417474850761) (548.2795982216347,103.4417474850761) (548.2795982216347,103.4169041593808) (549.2795982216347,103.4169041593808) (549.2795982216347,103.3920608336855) (550.2795982216347,103.3920608336855) (550.2795982216347,103.3672175079903) (551.2795982216347,103.3672175079903) (551.2795982216347,103.342374182295) (552.2795982216347,103.342374182295) (552.2795982216347,103.3175308565997) (553.2795982216347,103.3175308565997) (553.2795982216347,103.2926875309045) (554.2795982216347,103.2926875309045) (554.2795982216347,103.2678442052092) (555.2795982216347,103.2678442052092) (555.2795982216347,103.2430008795139) (556.2795982216347,103.2430008795139) (556.2795982216347,103.2181575538186) (557.2795982216347,103.2181575538186) (557.2795982216347,103.1933142281234) (558.2795982216347,103.1933142281234) (558.2795982216347,103.1684709024281) (559.2795982216347,103.1684709024281) (559.2795982216347,103.1436275767328) (560.2795982216347,103.1436275767328) (560.2795982216347,103.1187842510376) (561.2795982216347,103.1187842510376) (561.2795982216347,103.0939409253423) (562.2795982216347,103.0939409253423) (562.2795982216347,103.069097599647) (563.2795982216347,103.069097599647) (563.2795982216347,103.0442542739517) (564.2795982216347,103.0442542739517) (564.2795982216347,103.0194109482565) (565.2795982216347,103.0194109482565) (565.2795982216347,102.9945676225612) (566.2795982216347,102.9945676225612) (566.2795982216347,102.9697242968659) (567.2795982216347,102.9697242968659) (567.2795982216347,102.9448809711706) (568.2795982216347,102.9448809711706) (568.2795982216347,102.9200376454754) (569.2795982216347,102.9200376454754) (569.2795982216347,102.8951943197801) (570.2795982216347,102.8951943197801) (570.2795982216347,102.8703509940848) (571.2795982216347,102.8703509940848) (571.2795982216347,102.8455076683896) (572.2795982216347,102.8455076683896) (572.2795982216347,102.8206643426943) (573.2795982216347,102.8206643426943) (573.2795982216347,102.795821016999) (574.2795982216347,102.795821016999) (574.2795982216347,102.7709776913037) (575.2795982216347,102.7709776913037) (575.2795982216347,102.7461343656085) (576.2795982216347,102.7461343656085) (576.2795982216347,102.7212910399132) (577.2795982216347,102.7212910399132) (577.2795982216347,102.6964477142179) (578.2795982216347,102.6964477142179) (578.2795982216347,102.6716043885227) (579.2795982216347,102.6716043885227) (579.2795982216347,102.6467610628274) (580.2795982216347,102.6467610628274) (580.2795982216347,102.6219177371321) (581.2795982216347,102.6219177371321) (581.2795982216347,102.5970744114368) (582.2795982216347,102.5970744114368) (582.2795982216347,102.5722310857416) (583.2795982216347,102.5722310857416) (583.2795982216347,102.5473877600463) (584.2795982216347,102.5473877600463) (584.2795982216347,102.522544434351) (585.2795982216347,102.522544434351) (585.2795982216347,102.4977011086557) (586.2795982216347,102.4977011086557) (586.2795982216347,102.4728577829605) (587.2795982216347,102.4728577829605) (587.2795982216347,102.4480144572652) (588.2795982216347,102.4480144572652) (588.2795982216347,102.4231711315699) (589.2795982216347,102.4231711315699) (589.2795982216347,102.3983278058747) (590.2795982216347,102.3983278058747) (590.2795982216347,102.3734844801794) (591.2795982216347,102.3734844801794) (591.2795982216347,102.3486411544841) (592.2795982216347,102.3486411544841) (592.2795982216347,102.3237978287888) (593.2795982216347,102.3237978287888) (593.2795982216347,102.2989545030936) (594.2795982216347,102.2989545030936) (594.2795982216347,102.2741111773983) (595.2795982216347,102.2741111773983) (595.2795982216347,102.249267851703) (596.2795982216347,102.249267851703) (596.2795982216347,102.2244245260078) (597.2795982216347,102.2244245260078) (597.2795982216347,102.1995812003125) (598.2795982216347,102.1995812003125) (598.2795982216347,102.1747378746172) (599.2795982216347,102.1747378746172) (599.2795982216347,102.1498945489219) (600.2795982216347,102.1498945489219) (600.2795982216347,102.1250512232267) (601.2795982216347,102.1250512232267) (601.2795982216347,102.1002078975314) (602.2795982216347,102.1002078975314) (602.2795982216347,102.0753645718361) (603.2795982216347,102.0753645718361) (603.2795982216347,102.0505212461408) (604.2795982216347,102.0505212461408) (604.2795982216347,102.0256779204456) (605.2795982216347,102.0256779204456) (605.2795982216347,102.0008345947503) (606.2795982216347,102.0008345947503) (606.2795982216347,101.975991269055) (607.2795982216347,101.975991269055) (607.2795982216347,101.9511479433598) (608.2795982216347,101.9511479433598) (608.2795982216347,101.9263046176645) (609.2795982216347,101.9263046176645) (609.2795982216347,101.9014612919692) (610.2795982216347,101.9014612919692) (610.2795982216347,101.8766179662739) (611.2795982216347,101.8766179662739) (611.2795982216347,101.8517746405787) (612.2795982216347,101.8517746405787) (612.2795982216347,101.8269313148834) (613.2795982216347,101.8269313148834) (613.2795982216347,101.8020879891881) (614.2795982216347,101.8020879891881) (614.2795982216347,101.7772446634929) (615.2795982216347,101.7772446634929) (615.2795982216347,101.7524013377976) (616.2795982216347,101.7524013377976) (616.2795982216347,101.7275580121023) (617.2795982216347,101.7275580121023) (617.2795982216347,101.702714686407) (618.2795982216347,101.702714686407) (618.2795982216347,101.6778713607118) (619.2795982216347,101.6778713607118) (619.2795982216347,101.6530280350165) (620.2795982216347,101.6530280350165) (620.2795982216347,101.6281847093212) (621.2795982216347,101.6281847093212) (621.2795982216347,101.6033413836259) (622.2795982216347,101.6033413836259) (622.2795982216347,101.5784980579307) (623.2795982216347,101.5784980579307) (623.2795982216347,101.5536547322354) (624.2795982216347,101.5536547322354) (624.2795982216347,101.5288114065401) (625.2795982216347,101.5288114065401) (625.2795982216347,101.5039680808449) (626.2795982216347,101.5039680808449) (626.2795982216347,101.4791247551496) (627.2795982216347,101.4791247551496) (627.2795982216347,101.4542814294543) (628.2795982216347,101.4542814294543) (628.2795982216347,101.429438103759) (629.2795982216347,101.429438103759) (629.2795982216347,101.4045947780638) (630.2795982216347,101.4045947780638) (630.2795982216347,101.3797514523685) (631.2795982216347,101.3797514523685) (631.2795982216347,101.3549081266732) (632.2795982216347,101.3549081266732) (632.2795982216347,101.330064800978) (633.2795982216347,101.330064800978) (633.2795982216347,101.3052214752827) (634.2795982216347,101.3052214752827) (634.2795982216347,101.2803781495874) (635.2795982216347,101.2803781495874) (635.2795982216347,101.2555348238921) (636.2795982216347,101.2555348238921) (636.2795982216347,101.2306914981969) (637.2795982216347,101.2306914981969) (637.2795982216347,101.2058481725016) (638.2795982216347,101.2058481725016) (638.2795982216347,101.1810048468063) (639.2795982216347,101.1810048468063) (639.2795982216347,101.156161521111) (640.2795982216347,101.156161521111) (640.2795982216347,101.1313181954158) (641.2795982216347,101.1313181954158) (641.2795982216347,101.1064748697205) (642.2795982216347,101.1064748697205) (642.2795982216347,101.0816315440252) (643.2795982216347,101.0816315440252) (643.2795982216347,101.05678821833) (644.2795982216347,101.05678821833) (644.2795982216347,101.0319448926347) (645.2795982216347,101.0319448926347) (645.2795982216347,101.0071015669394) (646.2795982216347,101.0071015669394) (646.2795982216347,100.9822582412441) (647.2795982216347,100.9822582412441) (647.2795982216347,100.9574149155489) (648.2795982216347,100.9574149155489) (648.2795982216347,100.9325715898536) (649.2795982216347,100.9325715898536) (649.2795982216347,100.9077282641583) (650.2795982216347,100.9077282641583) (650.2795982216347,100.8828849384631) (651.2795982216347,100.8828849384631) (651.2795982216347,100.8580416127678) (652.2795982216347,100.8580416127678) (652.2795982216347,100.8331982870725) (653.2795982216347,100.8331982870725) (653.2795982216347,100.8083549613772) (654.2795982216347,100.8083549613772) (654.2795982216347,100.783511635682) (655.2795982216347,100.783511635682) (655.2795982216347,100.7586683099867) (656.2795982216347,100.7586683099867) (656.2795982216347,100.7338249842914) (657.2795982216347,100.7338249842914) (657.2795982216347,100.7089816585961) (658.2795982216347,100.7089816585961) (658.2795982216347,100.6841383329009) (659.2795982216347,100.6841383329009) (659.2795982216347,100.6592950072056) (660.2795982216347,100.6592950072056) (660.2795982216347,100.6344516815103) (661.2795982216347,100.6344516815103) (661.2795982216347,100.6096083558151) (662.2795982216347,100.6096083558151) (662.2795982216347,100.5847650301198) (663.2795982216347,100.5847650301198) (663.2795982216347,100.5599217044245) (664.2795982216347,100.5599217044245) (664.2795982216347,100.5350783787292) (665.2795982216347,100.5350783787292) (665.2795982216347,100.510235053034) (666.2795982216347,100.510235053034) (666.2795982216347,100.4853917273387) (667.2795982216347,100.4853917273387) (667.2795982216347,100.4605484016434) (668.2795982216347,100.4605484016434) (668.2795982216347,100.4357050759481) (669.2795982216347,100.4357050759481) (669.2795982216347,100.4108617502529) (670.2795982216347,100.4108617502529) (670.2795982216347,100.3860184245576) (671.2795982216347,100.3860184245576) (671.2795982216347,100.3611750988623) (672.2795982216347,100.3611750988623) (672.2795982216347,100.3363317731671) (673.2795982216347,100.3363317731671) (673.2795982216347,100.3114884474718) (674.2795982216347,100.3114884474718) (674.2795982216347,100.2866451217765) (675.2795982216347,100.2866451217765) (675.2795982216347,100.2618017960812) (676.2795982216347,100.2618017960812) (676.2795982216347,100.236958470386) (677.2795982216347,100.236958470386) (677.2795982216347,100.2121151446907) (678.2795982216347,100.2121151446907) (678.2795982216347,100.1872718189954) (679.2795982216347,100.1872718189954) (679.2795982216347,100.1624284933002) (680.2795982216347,100.1624284933002) (680.2795982216347,100.1375851676049) (681.2795982216347,100.1375851676049) (681.2795982216347,100.1127418419096) (682.2795982216347,100.1127418419096) (682.2795982216347,100.0878985162143) (683.2795982216347,100.0878985162143) (683.2795982216347,100.0630551905191) (684.2795982216347,100.0630551905191) (684.2795982216347,100.0382118648238) (685.2795982216347,100.0382118648238) (685.2795982216347,100.0133685391285) (686.2795982216347,100.0133685391285) (686.2795982216347,100) (688.8503945484297,100) (688.8503945484297,126) (689.8503945484297,126) (689.8503945484297,152) (690.8503945484297,152) (690.8503945484297,178) (691.8503945484297,178) (691.8503945484297,204) (692.8503945484297,204) (692.8503945484297,230) (693.8503945484297,230) (693.8503945484297,256) (694.8503945484297,256) (694.8503945484297,282) (695.8503945484297,282) (695.8503945484297,308) (696.8503945484297,308) (696.8503945484297,334) (697.8503945484297,334) (697.8503945484297,360) (698.8503945484297,360) (698.8503945484297,386) (699.8503945484297,386) (700,412)
batteryCharge[1]:
[0]: (0,100) (700,100)
Factory_Pipeline.end:
[0]: (0,0) (700,0)
[2K
Verifying formula 5 at /nta/queries/query[5]/formula
 -- Formula: simulate[<=700]{robot_inventory[0][0], robot_inventory[1][0], Factory_Pipeline.end*2}
[2K -- Formula is satisfied.
robot_inventory[0][0]:
[0]: (0,0) (700,0)
robot_inventory[1][0]:
[0]: (0,0) (700,0)
Factory_Pipeline.end * 2:
[0]: (0,0) (700,0)
[2K
Verifying formula 6 at /nta/queries/query[6]/formula
 -- Formula: simulate[<=700]{warehouse[0], warehouse[1], surface_texturization_start[0], surface_texturization_start[1], surface_texturization_end[0], surface_texturization_end[1], laser_start[0], laser_start[1], laser_end[0], laser_end[1], loading_area[0], loading_area[1]}
[2K -- Formula is satisfied.
warehouse[0]:
[0]: (0,6550) (700,6550)
warehouse[1]:
[0]: (0,3250) (700,3250)
surface_texturization_start[0]:
[0]: (0,6200) (700,6200)
surface_texturization_start[1]:
[0]: (0,3900) (700,3900)
surface_texturization_end[0]:
[0]: (0,6200) (700,6200)
surface_texturization_end[1]:
[0]: (0,100) (700,100)
laser_start[0]:
[0]: (0,4800) (700,4800)
laser_start[1]:
[0]: (0,3900) (700,3900)
laser_end[0]:
[0]: (0,4800) (700,4800)
laser_end[1]:
[0]: (0,100) (700,100)
loading_area[0]:
[0]: (0,250) (700,250)
loading_area[1]:
[0]: (0,250) (700,250)
[2K
Verifying formula 7 at /nta/queries/query[7]/formula
 -- Formula: simulate[<=700]{rm_1.idle, rf_1.idle, rp_1.idle, rd_1.idle, rm_2.idle, rf_2.idle, rp_2.idle, rd_2.idle}
[2K -- Formula is satisfied.
rm_1.idle:
[0]: (0,0) (0,1) (0,0) (521.1389610807171,0) (521.1389610807171,1) (521.1389610807171,0) (700,0)
rf_1.idle:
[0]: (0,0) (0,1) (700,1)
rp_1.idle:
[0]: (0,0) (0,1) (700,1)
rd_1.idle:
[0]: (0,0) (0,1) (700,1)
rm_2.idle:
[0]: (0,0) (0,1) (0,0) (217,0) (217,1) (372.5707963267949,1) (372.5707963267949,0) (700,0)
rf_2.idle:
[0]: (0,0) (0,1) (700,1)
rp_2.idle:
[0]: (0,0) (0,1) (700,1)
rd_2.idle:
[0]: (0,0) (0,1) (700,1)
[2K
Verifying formula 8 at /nta/queries/query[8]/formula
 -- Formula: Pr[<=700](<>!rm_1.idle || !rf_1.idle || !rp_1.idle || !rd_1.idle || !rm_2.idle || !rf_2.idle || !rp_2.idle || !rd_2.idle)
[2K -- Formula is satisfied.
(72/72 runs) Pr(<> …) in [0.950056,1] (95% CI)
Values in [0,0] mean=0 steps=2.22045e-16: 72
[2K
Verifying formula 9 at /nta/queries/query[9]/formula
 -- Formula: Pr[<=700]([] (Factory_Pipeline.end imply (rm_1.idle && rf_1.idle && rp_1.idle && rd_1.idle && rm_2.idle && rf_2.idle && rp_2.idle && rd_2.idle)))
[2K -- Formula is satisfied.
(72/72 runs) Pr([] …) in [0.950056,1] (95% CI)
[2K
Verifying formula 10 at /nta/queries/query[10]/formula
 -- Formula: Pr[<=700] (<> pow(robPositionX[0] - surface_texturization_end[0], 2) + pow(robPositionY[0] - surface_texturization_end[1], 2) <= 900 )
[2K -- Formula is satisfied.
(72/72 runs) Pr(<> …) in [0.950056,1] (95% CI)
Values in [520.139,520.139] mean=520.139 steps=2.22045e-16: 72
[2K
Verifying formula 11 at /nta/queries/query[11]/formula
 -- Formula: Pr[<=700] (<> pow(robPositionX[0] - surface_texturization_start[0], 2) + pow(robPositionY[0] - surface_texturization_start[1], 2) <= 900 )
[2K -- Formula is satisfied.
(72/72 runs) Pr(<> …) in [0.950056,1] (95% CI)
Values in [372.571,372.571] mean=372.571 steps=2.22045e-16: 72
[2K
Verifying formula 12 at /nta/queries/query[12]/formula
 -- Formula: Pr[<=700] (<> pow(robPositionX[0] - laser_end[0], 2) + pow(robPositionY[0] - laser_end[1], 2) <= 900 )
[2K -- Formula is satisfied.
(72/72 runs) Pr(<> …) in [0.950056,1] (95% CI)
Values in [578.28,578.28] mean=578.28 steps=2.22045e-16: 72
[2K
Verifying formula 13 at /nta/queries/query[13]/formula
 -- Formula: Pr[<=700] (<> pow(robPositionX[0] - laser_start[0], 2) + pow(robPositionY[0] - laser_start[1], 2) <= 900 )
[2K -- Formula is satisfied.
(72/72 runs) Pr(<> …) in [0.950056,1] (95% CI)
Values in [318.571,318.571] mean=318.571 steps=2.22045e-16: 72
[2K
Verifying formula 14 at /nta/queries/query[14]/formula
 -- Formula: Pr[<=700] (<> pow(robPositionX[0] - loading_area[0], 2) + pow(robPositionY[0] - loading_area[1], 2) <= 900 )
[2K -- Formula is satisfied.
(0/72 runs) Pr(<> …) in [0,0.0499441] (95% CI)
[2K
Verifying formula 15 at /nta/queries/query[15]/formula
 -- Formula: Pr[<=700] (<> pow(robPositionX[1] - surface_texturization_end[0], 2) + pow(robPositionY[1] - surface_texturization_end[1], 2) <= 900 )
[2K -- Formula is satisfied.
(72/72 runs) Pr(<> …) in [0.950056,1] (95% CI)
Values in [521.139,521.139] mean=521.139 steps=2.22045e-16: 72
[2K
Verifying formula 16 at /nta/queries/query[16]/formula
 -- Formula: Pr[<=700] (<> pow(robPositionX[1] - surface_texturization_start[0], 2) + pow(robPositionY[1] - surface_texturization_start[1], 2) <= 900 )
[2K -- Formula is satisfied.
(72/72 runs) Pr(<> …) in [0.950056,1] (95% CI)
Values in [216,216] mean=216 steps=2.22045e-16: 72
[2K
Verifying formula 17 at /nta/queries/query[17]/formula
 -- Formula: Pr[<=700] (<> pow(robPositionX[1] - laser_end[0], 2) + pow(robPositionY[1] - laser_end[1], 2) <= 900 )
[2K -- Formula is satisfied.
(72/72 runs) Pr(<> …) in [0.950056,1] (95% CI)
Values in [577.28,577.28] mean=577.28 steps=2.22045e-16: 72
[2K
Verifying formula 18 at /nta/queries/query[18]/formula
 -- Formula: Pr[<=700] (<> pow(robPositionX[1] - laser_start[0], 2) + pow(robPositionY[1] - laser_start[1], 2) <= 900 )
[2K -- Formula is satisfied.
(72/72 runs) Pr(<> …) in [0.950056,1] (95% CI)
Values in [162,162] mean=162 steps=2.22045e-16: 72
[2K
Verifying formula 19 at /nta/queries/query[19]/formula
 -- Formula: Pr[<=700] (<> pow(robPositionX[1] - loading_area[0], 2) + pow(robPositionY[1] - loading_area[1], 2) <= 900 )
[2K -- Formula is satisfied.
(0/72 runs) Pr(<> …) in [0,0.0499441] (95% CI)
[2K
Verifying formula 20 at /nta/queries/query[20]/formula
 -- Formula: Pr[<=700] (<> !isValidPosition(robPositionX[0], robPositionY[0]))
[2K -- Formula is satisfied.
(0/72 runs) Pr(<> …) in [0,0.0499441] (95% CI)
[2K
Verifying formula 21 at /nta/queries/query[21]/formula
 -- Formula: Pr[<=700] (<> !isValidPosition(robPositionX[1], robPositionY[1]))
[2K -- Formula is satisfied.
(0/72 runs) Pr(<> …) in [0,0.0499441] (95% CI)
[2K
Verifying formula 22 at /nta/queries/query[22]/formula
 -- Formula: Pr[<=700] (<> currP > 2)
[2K -- Formula is satisfied.
(0/72 runs) Pr(<> …) in [0,0.0499441] (95% CI)
