Options for the verification:
  Generating no trace
  Search order is breadth first
  Using conservative space optimisation
  Seed is 1784882037
  State space representation uses minimal constraint systems with future testing
  Using HashMap + Compress integers for discrete state storage
[2K
Verifying formula 1 at /nta/queries/query[1]/formula
 -- Formula: simulate[<=700]{Factory_Pipeline_robot1_def.s1_start, Factory_Pipeline_robot1_def.s1_end, Factory_Pipeline.end}
[2K -- Formula is satisfied.
Factory_Pipeline_robot1_def.s1_start:
[0]: (0,0) (0,1) (0,0) (700,0)
Factory_Pipeline_robot1_def.s1_end:
[0]: (0,0) (700,0)
Factory_Pipeline.end:
[0]: (0,0) (700,0)
[2K
Verifying formula 2 at /nta/queries/query[2]/formula
 -- Formula: simulate[<=700]{Factory_Pipeline_robot2_def.s1_start, Factory_Pipeline_robot2_def.s1_end, Factory_Pipeline.end}
[2K -- Formula is satisfied.
Factory_Pipeline_robot2_def.s1_start:
[0]: (0,0) (0,1) (0,0) (700,0)
Factory_Pipeline_robot2_def.s1_end:
[0]: (0,0) (700,0)
Factory_Pipeline.end:
[0]: (0,0) (700,0)
[2K
Verifying formula 3 at /nta/queries/query[3]/formula
 -- Formula: Pr[<=700] (<> Factory_Pipeline.end)
[2K -- Formula is satisfied.
(0/72 runs) Pr(<> …) in [0,0.0499441] (95% CI)
[2K
Verifying formula 4 at /nta/queries/query[4]/formula
 -- Formula: simulate[<=700]{robPositionX[0], robPositionY[0], batteryCharge[0], robPositionX[1], robPositionY[1], batteryCharge[1], Factory_Pipeline.end}
[2K -- Formula is satisfied.
robPositionX[0]:
[0]: (0,0) (0,400) (2,400) (2,426) (3,426) (3,452) (4,452) (4,478) (5,478) (5,504) (6,504) (6,530) (7,530) (7,556) (8,556) (8,582) (9,582) (9,600) (158.5707963267949,600) (158.5707963267949,626) (159.5707963267949,626) (159.5707963267949,652) (160.5707963267949,652) (160.5707963267949,678) (161.5707963267949,678) (161.5707963267949,704) (162.5707963267949,704) (162.5707963267949,730) (163.5707963267949,730) (163.5707963267949,756) (164.5707963267949,756) (164.5707963267949,782) (165.5707963267949,782) (165.5707963267949,808) (166.5707963267949,808) (166.5707963267949,834) (167.5707963267949,834) (167.5707963267949,860) (168.5707963267949,860) (168.5707963267949,886) (169.5707963267949,886) (169.5707963267949,912) (170.5707963267949,912) (170.5707963267949,938) (171.5707963267949,938) (171.5707963267949,964) (172.5707963267949,964) (172.5707963267949,990) (173.5707963267949,990) (173.5707963267949,1016) (174.5707963267949,1016) (174.5707963267949,1042) (175.5707963267949,1042) (175.5707963267949,1068) (176.5707963267949,1068) (176.5707963267949,1094) (177.5707963267949,1094) (177.5707963267949,1120) (178.5707963267949,1120) (178.5707963267949,1146) (179.5707963267949,1146) (179.5707963267949,1172) (180.5707963267949,1172) (180.5707963267949,1198) (181.5707963267949,1198) (181.5707963267949,1224) (182.5707963267949,1224) (182.5707963267949,1250) (183.5707963267949,1250) (183.5707963267949,1276) (184.5707963267949,1276) (184.5707963267949,1302) (185.5707963267949,1302) (185.5707963267949,1328) (186.5707963267949,1328) (186.5707963267949,1354) (187.5707963267949,1354) (187.5707963267949,1380) (188.5707963267949,1380) (188.5707963267949,1406) (189.5707963267949,1406) (189.5707963267949,1432) (190.5707963267949,1432) (190.5707963267949,1458) (191.5707963267949,1458) (191.5707963267949,1484) (192.5707963267949,1484) (192.5707963267949,1510) (193.5707963267949,1510) (193.5707963267949,1536) (194.5707963267949,1536) (194.5707963267949,1562) (195.5707963267949,1562) (195.5707963267949,1588) (196.5707963267949,1588) (196.5707963267949,1614) (197.5707963267949,1614) (197.5707963267949,1640) (198.5707963267949,1640) (198.5707963267949,1666) (199.5707963267949,1666) (199.5707963267949,1692) (200.5707963267949,1692) (200.5707963267949,1718) (201.5707963267949,1718) (201.5707963267949,1744) (202.5707963267949,1744) (202.5707963267949,1770) (203.5707963267949,1770) (203.5707963267949,1796) (204.5707963267949,1796) (204.5707963267949,1822) (205.5707963267949,1822) (205.5707963267949,1848) (206.5707963267949,1848) (206.5707963267949,1874) (207.5707963267949,1874) (207.5707963267949,1900) (208.5707963267949,1900) (208.5707963267949,1926) (209.5707963267949,1926) (209.5707963267949,1952) (210.5707963267949,1952) (210.5707963267949,1978) (211.5707963267949,1978) (211.5707963267949,2004) (212.5707963267949,2004) (212.5707963267949,2030) (213.5707963267949,2030) (213.5707963267949,2056) (214.5707963267949,2056) (214.5707963267949,2082) (215.5707963267949,2082) (215.5707963267949,2108) (216.5707963267949,2108) (216.5707963267949,2134) (217.5707963267949,2134) (217.5707963267949,2160) (218.5707963267949,2160) (218.5707963267949,2186) (219.5707963267949,2186) (219.5707963267949,2212) (220.5707963267949,2212) (220.5707963267949,2238) (221.5707963267949,2238) (221.5707963267949,2264) (222.5707963267949,2264) (222.5707963267949,2290) (223.5707963267949,2290) (223.5707963267949,2316) (224.5707963267949,2316) (224.5707963267949,2342) (225.5707963267949,2342) (225.5707963267949,2368) (226.5707963267949,2368) (226.5707963267949,2394) (227.5707963267949,2394) (227.5707963267949,2420) (228.5707963267949,2420) (228.5707963267949,2446) (229.5707963267949,2446) (229.5707963267949,2472) (230.5707963267949,2472) (230.5707963267949,2498) (231.5707963267949,2498) (231.5707963267949,2524) (232.5707963267949,2524) (232.5707963267949,2550) (233.5707963267949,2550) (233.5707963267949,2576) (234.5707963267949,2576) (234.5707963267949,2602) (235.5707963267949,2602) (235.5707963267949,2628) (236.5707963267949,2628) (236.5707963267949,2654) (237.5707963267949,2654) (237.5707963267949,2680) (238.5707963267949,2680) (238.5707963267949,2700) (242.7123889802949,2700) (242.7123889802949,2674) (243.7123889802949,2674) (243.7123889802949,2648) (244.7123889802949,2648) (244.7123889802949,2622) (245.7123889802949,2622) (245.7123889802949,2596) (246.7123889802949,2596) (246.7123889802949,2570) (247.7123889802949,2570) (247.7123889802949,2544) (248.7123889802949,2544) (248.7123889802949,2518) (249.7123889802949,2518) (249.7123889802949,2492) (250.7123889802949,2492) (250.7123889802949,2466) (251.7123889802949,2466) (251.7123889802949,2440) (252.7123889802949,2440) (252.7123889802949,2414) (253.7123889802949,2414) (253.7123889802949,2388) (254.7123889802949,2388) (254.7123889802949,2362) (255.7123889802949,2362) (255.7123889802949,2336) (256.7123889802949,2336) (256.7123889802949,2310) (257.7123889802949,2310) (257.7123889802949,2284) (258.7123889802949,2284) (258.7123889802949,2258) (259.7123889802949,2258) (259.7123889802949,2232) (260.7123889802949,2232) (260.7123889802949,2206) (261.7123889802949,2206) (261.7123889802949,2180) (262.7123889802949,2180) (262.7123889802949,2154) (263.7123889802949,2154) (263.7123889802949,2128) (264.7123889802949,2128) (264.7123889802949,2102) (265.7123889802949,2102) (265.7123889802949,2076) (266.7123889802949,2076) (266.7123889802949,2050) (267.7123889802949,2050) (267.7123889802949,2024) (268.7123889802949,2024) (268.7123889802949,2000) (269.7123889802949,2000) (269.7123889802949,2026) (270.7123889802949,2026) (270.7123889802949,2052) (271.7123889802949,2052) (271.7123889802949,2078) (272.7123889802949,2078) (272.7123889802949,2104) (273.7123889802949,2104) (273.7123889802949,2130) (274.7123889802949,2130) (274.7123889802949,2156) (275.7123889802949,2156) (275.7123889802949,2182) (276.7123889802949,2182) (276.7123889802949,2208) (277.7123889802949,2208) (277.7123889802949,2234) (278.7123889802949,2234) (278.7123889802949,2260) (279.7123889802949,2260) (279.7123889802949,2286) (280.7123889802949,2286) (280.7123889802949,2312) (281.7123889802949,2312) (281.7123889802949,2338) (282.7123889802949,2338) (282.7123889802949,2364) (283.7123889802949,2364) (283.7123889802949,2390) (284.7123889802949,2390) (284.7123889802949,2416) (285.7123889802949,2416) (285.7123889802949,2442) (286.7123889802949,2442) (286.7123889802949,2468) (287.7123889802949,2468) (287.7123889802949,2494) (288.7123889802949,2494) (288.7123889802949,2520) (289.7123889802949,2520) (289.7123889802949,2546) (290.7123889802949,2546) (290.7123889802949,2572) (291.7123889802949,2572) (291.7123889802949,2598) (292.7123889802949,2598) (292.7123889802949,2624) (293.7123889802949,2624) (293.7123889802949,2650) (294.7123889802949,2650) (294.7123889802949,2676) (295.7123889802949,2676) (295.7123889802949,2702) (296.7123889802949,2702) (296.7123889802949,2728) (297.7123889802949,2728) (297.7123889802949,2754) (298.7123889802949,2754) (298.7123889802949,2780) (299.7123889802949,2780) (299.7123889802949,2806) (300.7123889802949,2806) (300.7123889802949,2832) (301.7123889802949,2832) (301.7123889802949,2858) (302.7123889802949,2858) (302.7123889802949,2884) (303.7123889802949,2884) (303.7123889802949,2910) (304.7123889802949,2910) (304.7123889802949,2936) (305.7123889802949,2936) (305.7123889802949,2962) (306.7123889802949,2962) (306.7123889802949,2988) (307.7123889802949,2988) (307.7123889802949,3014) (308.7123889802949,3014) (308.7123889802949,3040) (309.7123889802949,3040) (309.7123889802949,3066) (310.7123889802949,3066) (310.7123889802949,3092) (311.7123889802949,3092) (311.7123889802949,3118) (312.7123889802949,3118) (312.7123889802949,3144) (313.7123889802949,3144) (313.7123889802949,3170) (314.7123889802949,3170) (314.7123889802949,3196) (315.7123889802949,3196) (315.7123889802949,3222) (316.7123889802949,3222) (316.7123889802949,3248) (317.7123889802949,3248) (317.7123889802949,3274) (318.7123889802949,3274) (318.7123889802949,3300) (319.7123889802949,3300) (319.7123889802949,3326) (320.7123889802949,3326) (320.7123889802949,3352) (321.7123889802949,3352) (321.7123889802949,3378) (322.7123889802949,3378) (322.7123889802949,3400) (323.7123889802949,3400) (323.7123889802949,3426) (324.7123889802949,3426) (324.7123889802949,3452) (325.7123889802949,3452) (325.7123889802949,3478) (326.7123889802949,3478) (326.7123889802949,3504) (327.7123889802949,3504) (327.7123889802949,3530) (328.7123889802949,3530) (328.7123889802949,3556) (329.7123889802949,3556) (329.7123889802949,3582) (330.7123889802949,3582) (330.7123889802949,3608) (331.7123889802949,3608) (331.7123889802949,3634) (332.7123889802949,3634) (332.7123889802949,3660) (333.7123889802949,3660) (333.7123889802949,3686) (334.7123889802949,3686) (334.7123889802949,3712) (335.7123889802949,3712) (335.7123889802949,3738) (336.7123889802949,3738) (336.7123889802949,3764) (337.7123889802949,3764) (337.7123889802949,3790) (338.7123889802949,3790) (338.7123889802949,3816) (339.7123889802949,3816) (339.7123889802949,3842) (340.7123889802949,3842) (340.7123889802949,3868) (341.7123889802949,3868) (341.7123889802949,3894) (342.7123889802949,3894) (342.7123889802949,3920) (343.7123889802949,3920) (343.7123889802949,3946) (344.7123889802949,3946) (344.7123889802949,3972) (345.7123889802949,3972) (345.7123889802949,3998) (346.7123889802949,3998) (346.7123889802949,4024) (347.7123889802949,4024) (347.7123889802949,4050) (348.7123889802949,4050) (348.7123889802949,4076) (349.7123889802949,4076) (349.7123889802949,4100) (350.7123889802949,4100) (350.7123889802949,4126) (351.7123889802949,4126) (351.7123889802949,4152) (352.7123889802949,4152) (352.7123889802949,4178) (353.7123889802949,4178) (353.7123889802949,4204) (354.7123889802949,4204) (354.7123889802949,4230) (355.7123889802949,4230) (355.7123889802949,4256) (356.7123889802949,4256) (356.7123889802949,4282) (357.7123889802949,4282) (357.7123889802949,4308) (358.7123889802949,4308) (358.7123889802949,4334) (359.7123889802949,4334) (359.7123889802949,4360) (360.7123889802949,4360) (360.7123889802949,4386) (361.7123889802949,4386) (361.7123889802949,4412) (362.7123889802949,4412) (362.7123889802949,4438) (363.7123889802949,4438) (363.7123889802949,4464) (364.7123889802949,4464) (364.7123889802949,4490) (365.7123889802949,4490) (365.7123889802949,4516) (366.7123889802949,4516) (366.7123889802949,4542) (367.7123889802949,4542) (367.7123889802949,4568) (368.7123889802949,4568) (368.7123889802949,4594) (369.7123889802949,4594) (369.7123889802949,4620) (370.7123889802949,4620) (370.7123889802949,4646) (371.7123889802949,4646) (371.7123889802949,4672) (372.7123889802949,4672) (372.7123889802949,4698) (373.7123889802949,4698) (373.7123889802949,4724) (374.7123889802949,4724) (374.7123889802949,4750) (375.7123889802949,4750) (375.7123889802949,4776) (376.7123889802949,4776) (376.7123889802949,4800) (377.7123889802949,4800) (377.7123889802949,4826) (378.7123889802949,4826) (378.7123889802949,4852) (379.7123889802949,4852) (379.7123889802949,4878) (380.7123889802949,4878) (380.7123889802949,4904) (381.7123889802949,4904) (381.7123889802949,4930) (382.7123889802949,4930) (382.7123889802949,4956) (383.7123889802949,4956) (383.7123889802949,4982) (384.7123889802949,4982) (384.7123889802949,5008) (385.7123889802949,5008) (385.7123889802949,5034) (386.7123889802949,5034) (386.7123889802949,5060) (387.7123889802949,5060) (387.7123889802949,5086) (388.7123889802949,5086) (388.7123889802949,5112) (389.7123889802949,5112) (389.7123889802949,5138) (390.7123889802949,5138) (390.7123889802949,5164) (391.7123889802949,5164) (391.7123889802949,5190) (392.7123889802949,5190) (392.7123889802949,5216) (393.7123889802949,5216) (393.7123889802949,5242) (394.7123889802949,5242) (394.7123889802949,5268) (395.7123889802949,5268) (395.7123889802949,5294) (396.7123889802949,5294) (396.7123889802949,5320) (397.7123889802949,5320) (397.7123889802949,5346) (398.7123889802949,5346) (398.7123889802949,5372) (399.7123889802949,5372) (399.7123889802949,5398) (400.7123889802949,5398) (400.7123889802949,5424) (401.7123889802949,5424) (401.7123889802949,5450) (402.7123889802949,5450) (402.7123889802949,5476) (403.7123889802949,5476) (403.7123889802949,5500) (404.7123889802949,5500) (404.7123889802949,5526) (405.7123889802949,5526) (405.7123889802949,5552) (406.7123889802949,5552) (406.7123889802949,5578) (407.7123889802949,5578) (407.7123889802949,5604) (408.7123889802949,5604) (408.7123889802949,5630) (409.7123889802949,5630) (409.7123889802949,5656) (410.7123889802949,5656) (410.7123889802949,5682) (411.7123889802949,5682) (411.7123889802949,5708) (412.7123889802949,5708) (412.7123889802949,5734) (413.7123889802949,5734) (413.7123889802949,5760) (414.7123889802949,5760) (414.7123889802949,5786) (415.7123889802949,5786) (415.7123889802949,5812) (416.7123889802949,5812) (416.7123889802949,5838) (417.7123889802949,5838) (417.7123889802949,5864) (418.7123889802949,5864) (418.7123889802949,5890) (419.7123889802949,5890) (419.7123889802949,5916) (420.7123889802949,5916) (420.7123889802949,5942) (421.7123889802949,5942) (421.7123889802949,5968) (422.7123889802949,5968) (422.7123889802949,5994) (423.7123889802949,5994) (423.7123889802949,6020) (424.7123889802949,6020) (424.7123889802949,6046) (425.7123889802949,6046) (425.7123889802949,6072) (426.7123889802949,6072) (426.7123889802949,6098) (427.7123889802949,6098) (427.7123889802949,6124) (428.7123889802949,6124) (428.7123889802949,6150) (429.7123889802949,6150) (429.7123889802949,6176) (430.7123889802949,6176) (430.7123889802949,6200) (434.8539816337949,6200) (434.8539816337949,6174) (435.8539816337949,6174) (435.8539816337949,6148) (436.8539816337949,6148) (436.8539816337949,6122) (437.8539816337949,6122) (437.8539816337949,6096) (438.8539816337949,6096) (438.8539816337949,6070) (439.8539816337949,6070) (439.8539816337949,6044) (440.8539816337949,6044) (440.8539816337949,6018) (441.8539816337949,6018) (441.8539816337949,5992) (442.8539816337949,5992) (442.8539816337949,5966) (443.8539816337949,5966) (443.8539816337949,5940) (444.8539816337949,5940) (444.8539816337949,5914) (445.8539816337949,5914) (445.8539816337949,5888) (446.8539816337949,5888) (446.8539816337949,5862) (447.8539816337949,5862) (447.8539816337949,5836) (448.8539816337949,5836) (448.8539816337949,5810) (449.8539816337949,5810) (449.8539816337949,5784) (450.8539816337949,5784) (450.8539816337949,5758) (451.8539816337949,5758) (451.8539816337949,5732) (452.8539816337949,5732) (452.8539816337949,5706) (453.8539816337949,5706) (453.8539816337949,5680) (454.8539816337949,5680) (454.8539816337949,5654) (455.8539816337949,5654) (455.8539816337949,5628) (456.8539816337949,5628) (456.8539816337949,5602) (457.8539816337949,5602) (457.8539816337949,5576) (458.8539816337949,5576) (458.8539816337949,5550) (459.8539816337949,5550) (459.8539816337949,5524) (460.8539816337949,5524) (460.8539816337949,5498) (461.8539816337949,5498) (461.8539816337949,5472) (462.8539816337949,5472) (462.8539816337949,5446) (463.8539816337949,5446) (463.8539816337949,5420) (464.8539816337949,5420) (464.8539816337949,5394) (465.8539816337949,5394) (465.8539816337949,5368) (466.8539816337949,5368) (466.8539816337949,5342) (467.8539816337949,5342) (467.8539816337949,5316) (468.8539816337949,5316) (468.8539816337949,5290) (469.8539816337949,5290) (469.8539816337949,5264) (470.8539816337949,5264) (470.8539816337949,5238) (471.8539816337949,5238) (471.8539816337949,5212) (472.8539816337949,5212) (472.8539816337949,5186) (473.8539816337949,5186) (473.8539816337949,5160) (474.8539816337949,5160) (474.8539816337949,5134) (475.8539816337949,5134) (475.8539816337949,5108) (476.8539816337949,5108) (476.8539816337949,5082) (477.8539816337949,5082) (477.8539816337949,5056) (478.8539816337949,5056) (478.8539816337949,5030) (479.8539816337949,5030) (479.8539816337949,5004) (480.8539816337949,5004) (480.8539816337949,4978) (481.8539816337949,4978) (481.8539816337949,4952) (482.8539816337949,4952) (482.8539816337949,4926) (483.8539816337949,4926) (483.8539816337949,4900) (484.8539816337949,4900) (484.8539816337949,4874) (485.8539816337949,4874) (485.8539816337949,4848) (486.8539816337949,4848) (486.8539816337949,4822) (487.8539816337949,4822) (487.8539816337949,4796) (488.8539816337949,4796) (488.8539816337949,4770) (489.8539816337949,4770) (489.8539816337949,4744) (490.8539816337949,4744) (490.8539816337949,4718) (491.8539816337949,4718) (491.8539816337949,4692) (492.8539816337949,4692) (492.8539816337949,4666) (493.8539816337949,4666) (493.8539816337949,4640) (494.8539816337949,4640) (494.8539816337949,4614) (495.8539816337949,4614) (495.8539816337949,4588) (496.8539816337949,4588) (496.8539816337949,4562) (497.8539816337949,4562) (497.8539816337949,4536) (498.8539816337949,4536) (498.8539816337949,4510) (499.8539816337949,4510) (499.8539816337949,4484) (500.8539816337949,4484) (500.8539816337949,4458) (501.8539816337949,4458) (501.8539816337949,4432) (502.8539816337949,4432) (502.8539816337949,4406) (503.8539816337949,4406) (503.8539816337949,4380) (504.8539816337949,4380) (504.8539816337949,4354) (505.8539816337949,4354) (505.8539816337949,4328) (506.8539816337949,4328) (506.8539816337949,4302) (507.8539816337949,4302) (507.8539816337949,4276) (508.8539816337949,4276) (508.8539816337949,4250) (509.8539816337949,4250) (509.8539816337949,4224) (510.8539816337949,4224) (510.8539816337949,4198) (511.8539816337949,4198) (511.8539816337949,4172) (512.8539816337949,4172) (512.8539816337949,4146) (513.8539816337949,4146) (513.8539816337949,4120) (514.8539816337949,4120) (514.8539816337949,4094) (515.8539816337949,4094) (515.8539816337949,4068) (516.8539816337949,4068) (516.8539816337949,4042) (517.8539816337949,4042) (517.8539816337949,4016) (518.8539816337949,4016) (518.8539816337949,3990) (519.8539816337949,3990) (519.8539816337949,3964) (520.8539816337949,3964) (520.8539816337949,3938) (521.8539816337949,3938) (521.8539816337949,3912) (522.8539816337949,3912) (522.8539816337949,3886) (523.8539816337949,3886) (523.8539816337949,3860) (524.8539816337949,3860) (524.8539816337949,3834) (525.8539816337949,3834) (525.8539816337949,3808) (526.8539816337949,3808) (526.8539816337949,3782) (527.8539816337949,3782) (527.8539816337949,3756) (528.8539816337949,3756) (528.8539816337949,3730) (529.8539816337949,3730) (529.8539816337949,3704) (530.8539816337949,3704) (530.8539816337949,3678) (531.8539816337949,3678) (531.8539816337949,3652) (532.8539816337949,3652) (532.8539816337949,3626) (533.8539816337949,3626) (533.8539816337949,3600) (534.8539816337949,3600) (534.8539816337949,3574) (535.8539816337949,3574) (535.8539816337949,3548) (536.8539816337949,3548) (536.8539816337949,3522) (537.8539816337949,3522) (537.8539816337949,3496) (538.8539816337949,3496) (538.8539816337949,3470) (539.8539816337949,3470) (539.8539816337949,3444) (540.8539816337949,3444) (540.8539816337949,3418) (541.8539816337949,3418) (541.8539816337949,3392) (542.8539816337949,3392) (542.8539816337949,3366) (543.8539816337949,3366) (543.8539816337949,3340) (544.8539816337949,3340) (544.8539816337949,3314) (545.8539816337949,3314) (545.8539816337949,3288) (546.8539816337949,3288) (546.8539816337949,3262) (547.8539816337949,3262) (547.8539816337949,3236) (548.8539816337949,3236) (548.8539816337949,3210) (549.8539816337949,3210) (549.8539816337949,3184) (550.8539816337949,3184) (550.8539816337949,3158) (551.8539816337949,3158) (551.8539816337949,3132) (552.8539816337949,3132) (552.8539816337949,3106) (553.8539816337949,3106) (553.8539816337949,3080) (554.8539816337949,3080) (554.8539816337949,3054) (555.8539816337949,3054) (555.8539816337949,3028) (556.8539816337949,3028) (556.8539816337949,3002) (557.8539816337949,3002) (557.8539816337949,2976) (558.8539816337949,2976) (558.8539816337949,2950) (559.8539816337949,2950) (559.8539816337949,2924) (560.8539816337949,2924) (560.8539816337949,2898) (561.8539816337949,2898) (561.8539816337949,2872) (562.8539816337949,2872) (562.8539816337949,2846) (563.8539816337949,2846) (563.8539816337949,2820) (564.8539816337949,2820) (564.8539816337949,2794) (565.8539816337949,2794) (565.8539816337949,2768) (566.8539816337949,2768) (566.8539816337949,2742) (567.8539816337949,2742) (567.8539816337949,2716) (568.8539816337949,2716) (568.8539816337949,2690) (569.8539816337949,2690) (569.8539816337949,2664) (570.8539816337949,2664) (570.8539816337949,2638) (571.8539816337949,2638) (571.8539816337949,2612) (572.8539816337949,2612) (572.8539816337949,2586) (573.8539816337949,2586) (573.8539816337949,2560) (574.8539816337949,2560) (574.8539816337949,2534) (575.8539816337949,2534) (575.8539816337949,2508) (576.8539816337949,2508) (576.8539816337949,2482) (577.8539816337949,2482) (577.8539816337949,2456) (578.8539816337949,2456) (578.8539816337949,2430) (579.8539816337949,2430) (579.8539816337949,2404) (580.8539816337949,2404) (580.8539816337949,2378) (581.8539816337949,2378) (581.8539816337949,2352) (582.8539816337949,2352) (582.8539816337949,2326) (583.8539816337949,2326) (583.8539816337949,2300) (584.8539816337949,2300) (584.8539816337949,2274) (585.8539816337949,2274) (585.8539816337949,2248) (586.8539816337949,2248) (586.8539816337949,2222) (587.8539816337949,2222) (587.8539816337949,2196) (588.8539816337949,2196) (588.8539816337949,2170) (589.8539816337949,2170) (589.8539816337949,2144) (590.8539816337949,2144) (590.8539816337949,2118) (591.8539816337949,2118) (591.8539816337949,2092) (592.8539816337949,2092) (592.8539816337949,2066) (593.8539816337949,2066) (593.8539816337949,2040) (594.8539816337949,2040) (594.8539816337949,2014) (595.8539816337949,2014) (595.8539816337949,2000) (596.8539816337949,2000) (596.8539816337949,1974) (597.8539816337949,1974) (597.8539816337949,1948) (598.8539816337949,1948) (598.8539816337949,1922) (599.8539816337949,1922) (599.8539816337949,1896) (600.8539816337949,1896) (600.8539816337949,1870) (601.8539816337949,1870) (601.8539816337949,1844) (602.8539816337949,1844) (602.8539816337949,1818) (603.8539816337949,1818) (603.8539816337949,1792) (604.8539816337949,1792) (604.8539816337949,1766) (605.8539816337949,1766) (605.8539816337949,1740) (606.8539816337949,1740) (606.8539816337949,1714) (607.8539816337949,1714) (607.8539816337949,1688) (608.8539816337949,1688) (608.8539816337949,1662) (609.8539816337949,1662) (609.8539816337949,1636) (610.8539816337949,1636) (610.8539816337949,1610) (611.8539816337949,1610) (611.8539816337949,1584) (612.8539816337949,1584) (612.8539816337949,1558) (613.8539816337949,1558) (613.8539816337949,1532) (614.8539816337949,1532) (614.8539816337949,1506) (615.8539816337949,1506) (615.8539816337949,1480) (616.8539816337949,1480) (616.8539816337949,1454) (617.8539816337949,1454) (617.8539816337949,1428) (618.8539816337949,1428) (618.8539816337949,1402) (619.8539816337949,1402) (619.8539816337949,1376) (620.8539816337949,1376) (620.8539816337949,1350) (621.8539816337949,1350) (621.8539816337949,1324) (622.8539816337949,1324) (622.8539816337949,1300) (623.8539816337949,1300) (623.8539816337949,1326) (624.8539816337949,1326) (624.8539816337949,1352) (625.8539816337949,1352) (625.8539816337949,1378) (626.8539816337949,1378) (626.8539816337949,1404) (627.8539816337949,1404) (627.8539816337949,1430) (628.8539816337949,1430) (628.8539816337949,1456) (629.8539816337949,1456) (629.8539816337949,1482) (630.8539816337949,1482) (630.8539816337949,1508) (631.8539816337949,1508) (631.8539816337949,1534) (632.8539816337949,1534) (632.8539816337949,1560) (633.8539816337949,1560) (633.8539816337949,1586) (634.8539816337949,1586) (634.8539816337949,1612) (635.8539816337949,1612) (635.8539816337949,1638) (636.8539816337949,1638) (636.8539816337949,1664) (637.8539816337949,1664) (637.8539816337949,1690) (638.8539816337949,1690) (638.8539816337949,1716) (639.8539816337949,1716) (639.8539816337949,1742) (640.8539816337949,1742) (640.8539816337949,1768) (641.8539816337949,1768) (641.8539816337949,1794) (642.8539816337949,1794) (642.8539816337949,1820) (643.8539816337949,1820) (643.8539816337949,1846) (644.8539816337949,1846) (644.8539816337949,1872) (645.8539816337949,1872) (645.8539816337949,1898) (646.8539816337949,1898) (646.8539816337949,1924) (647.8539816337949,1924) (647.8539816337949,1950) (648.8539816337949,1950) (648.8539816337949,1976) (649.8539816337949,1976) (649.8539816337949,2002) (650.8539816337949,2002) (650.8539816337949,2028) (651.8539816337949,2028) (651.8539816337949,2054) (652.8539816337949,2054) (652.8539816337949,2080) (653.8539816337949,2080) (653.8539816337949,2106) (654.8539816337949,2106) (654.8539816337949,2132) (655.8539816337949,2132) (655.8539816337949,2158) (656.8539816337949,2158) (656.8539816337949,2184) (657.8539816337949,2184) (657.8539816337949,2210) (658.8539816337949,2210) (658.8539816337949,2236) (659.8539816337949,2236) (659.8539816337949,2262) (660.8539816337949,2262) (660.8539816337949,2288) (661.8539816337949,2288) (661.8539816337949,2314) (662.8539816337949,2314) (662.8539816337949,2340) (663.8539816337949,2340) (663.8539816337949,2366) (664.8539816337949,2366) (664.8539816337949,2392) (665.8539816337949,2392) (665.8539816337949,2418) (666.8539816337949,2418) (666.8539816337949,2444) (667.8539816337949,2444) (667.8539816337949,2470) (668.8539816337949,2470) (668.8539816337949,2496) (669.8539816337949,2496) (669.8539816337949,2522) (670.8539816337949,2522) (670.8539816337949,2548) (671.8539816337949,2548) (671.8539816337949,2574) (672.8539816337949,2574) (672.8539816337949,2600) (673.8539816337949,2600) (673.8539816337949,2626) (674.8539816337949,2626) (674.8539816337949,2652) (675.8539816337949,2652) (675.8539816337949,2678) (676.8539816337949,2678) (676.8539816337949,2700) (677.8539816337949,2700) (677.8539816337949,2726) (678.8539816337949,2726) (678.8539816337949,2752) (679.8539816337949,2752) (679.8539816337949,2778) (680.8539816337949,2778) (680.8539816337949,2804) (681.8539816337949,2804) (681.8539816337949,2830) (682.8539816337949,2830) (682.8539816337949,2856) (683.8539816337949,2856) (683.8539816337949,2882) (684.8539816337949,2882) (684.8539816337949,2908) (685.8539816337949,2908) (685.8539816337949,2934) (686.8539816337949,2934) (686.8539816337949,2960) (687.8539816337949,2960) (687.8539816337949,2986) (688.8539816337949,2986) (688.8539816337949,3012) (689.8539816337949,3012) (689.8539816337949,3038) (690.8539816337949,3038) (690.8539816337949,3064) (691.8539816337949,3064) (691.8539816337949,3090) (692.8539816337949,3090) (692.8539816337949,3116) (693.8539816337949,3116) (693.8539816337949,3142) (694.8539816337949,3142) (694.8539816337949,3168) (695.8539816337949,3168) (695.8539816337949,3194) (696.8539816337949,3194) (696.8539816337949,3220) (697.8539816337949,3220) (697.8539816337949,3246) (698.8539816337949,3246) (698.8539816337949,3272) (699.8539816337949,3272) (700,3298)
robPositionY[0]:
[0]: (0,0) (0,100) (11.5707963267949,100) (11.5707963267949,126) (12.5707963267949,126) (12.5707963267949,152) (13.5707963267949,152) (13.5707963267949,178) (14.5707963267949,178) (14.5707963267949,204) (15.5707963267949,204) (15.5707963267949,230) (16.5707963267949,230) (16.5707963267949,256) (17.5707963267949,256) (17.5707963267949,282) (18.5707963267949,282) (18.5707963267949,308) (19.5707963267949,308) (19.5707963267949,334) (20.5707963267949,334) (20.5707963267949,360) (21.5707963267949,360) (21.5707963267949,386) (22.5707963267949,386) (22.5707963267949,412) (23.5707963267949,412) (23.5707963267949,438) (24.5707963267949,438) (24.5707963267949,464) (25.5707963267949,464) (25.5707963267949,490) (26.5707963267949,490) (26.5707963267949,516) (27.5707963267949,516) (27.5707963267949,542) (28.5707963267949,542) (28.5707963267949,568) (29.5707963267949,568) (29.5707963267949,594) (30.5707963267949,594) (30.5707963267949,620) (31.5707963267949,620) (31.5707963267949,646) (32.5707963267949,646) (32.5707963267949,672) (33.5707963267949,672) (33.5707963267949,698) (34.5707963267949,698) (34.5707963267949,724) (35.5707963267949,724) (35.5707963267949,750) (36.5707963267949,750) (36.5707963267949,776) (37.5707963267949,776) (37.5707963267949,802) (38.5707963267949,802) (38.5707963267949,828) (39.5707963267949,828) (39.5707963267949,854) (40.5707963267949,854) (40.5707963267949,880) (41.5707963267949,880) (41.5707963267949,906) (42.5707963267949,906) (42.5707963267949,932) (43.5707963267949,932) (43.5707963267949,958) (44.5707963267949,958) (44.5707963267949,984) (45.5707963267949,984) (45.5707963267949,1010) (46.5707963267949,1010) (46.5707963267949,1036) (47.5707963267949,1036) (47.5707963267949,1062) (48.5707963267949,1062) (48.5707963267949,1088) (49.5707963267949,1088) (49.5707963267949,1114) (50.5707963267949,1114) (50.5707963267949,1140) (51.5707963267949,1140) (51.5707963267949,1166) (52.5707963267949,1166) (52.5707963267949,1192) (53.5707963267949,1192) (53.5707963267949,1218) (54.5707963267949,1218) (54.5707963267949,1244) (55.5707963267949,1244) (55.5707963267949,1270) (56.5707963267949,1270) (56.5707963267949,1296) (57.5707963267949,1296) (57.5707963267949,1322) (58.5707963267949,1322) (58.5707963267949,1348) (59.5707963267949,1348) (59.5707963267949,1374) (60.5707963267949,1374) (60.5707963267949,1400) (61.5707963267949,1400) (61.5707963267949,1426) (62.5707963267949,1426) (62.5707963267949,1452) (63.5707963267949,1452) (63.5707963267949,1478) (64.57079632679489,1478) (64.57079632679489,1504) (65.57079632679489,1504) (65.57079632679489,1530) (66.57079632679489,1530) (66.57079632679489,1556) (67.57079632679489,1556) (67.57079632679489,1582) (68.57079632679489,1582) (68.57079632679489,1608) (69.57079632679489,1608) (69.57079632679489,1634) (70.57079632679489,1634) (70.57079632679489,1660) (71.57079632679489,1660) (71.57079632679489,1686) (72.57079632679489,1686) (72.57079632679489,1712) (73.57079632679489,1712) (73.57079632679489,1738) (74.57079632679489,1738) (74.57079632679489,1764) (75.57079632679489,1764) (75.57079632679489,1790) (76.57079632679489,1790) (76.57079632679489,1816) (77.57079632679489,1816) (77.57079632679489,1842) (78.57079632679489,1842) (78.57079632679489,1868) (79.57079632679489,1868) (79.57079632679489,1894) (80.57079632679489,1894) (80.57079632679489,1920) (81.57079632679489,1920) (81.57079632679489,1946) (82.57079632679489,1946) (82.57079632679489,1972) (83.57079632679489,1972) (83.57079632679489,1998) (84.57079632679489,1998) (84.57079632679489,2024) (85.57079632679489,2024) (85.57079632679489,2050) (86.57079632679489,2050) (86.57079632679489,2076) (87.57079632679489,2076) (87.57079632679489,2102) (88.57079632679489,2102) (88.57079632679489,2128) (89.57079632679489,2128) (89.57079632679489,2154) (90.57079632679489,2154) (90.57079632679489,2180) (91.57079632679489,2180) (91.57079632679489,2206) (92.57079632679489,2206) (92.57079632679489,2232) (93.57079632679489,2232) (93.57079632679489,2258) (94.57079632679489,2258) (94.57079632679489,2284) (95.57079632679489,2284) (95.57079632679489,2310) (96.57079632679489,2310) (96.57079632679489,2336) (97.57079632679489,2336) (97.57079632679489,2362) (98.57079632679489,2362) (98.57079632679489,2388) (99.57079632679489,2388) (99.57079632679489,2414) (100.5707963267949,2414) (100.5707963267949,2440) (101.5707963267949,2440) (101.5707963267949,2466) (102.5707963267949,2466) (102.5707963267949,2492) (103.5707963267949,2492) (103.5707963267949,2518) (104.5707963267949,2518) (104.5707963267949,2544) (105.5707963267949,2544) (105.5707963267949,2570) (106.5707963267949,2570) (106.5707963267949,2596) (107.5707963267949,2596) (107.5707963267949,2622) (108.5707963267949,2622) (108.5707963267949,2648) (109.5707963267949,2648) (109.5707963267949,2674) (110.5707963267949,2674) (110.5707963267949,2700) (111.5707963267949,2700) (111.5707963267949,2726) (112.5707963267949,2726) (112.5707963267949,2752) (113.5707963267949,2752) (113.5707963267949,2778) (114.5707963267949,2778) (114.5707963267949,2804) (115.5707963267949,2804) (115.5707963267949,2830) (116.5707963267949,2830) (116.5707963267949,2856) (117.5707963267949,2856) (117.5707963267949,2882) (118.5707963267949,2882) (118.5707963267949,2908) (119.5707963267949,2908) (119.5707963267949,2934) (120.5707963267949,2934) (120.5707963267949,2960) (121.5707963267949,2960) (121.5707963267949,2986) (122.5707963267949,2986) (122.5707963267949,3012) (123.5707963267949,3012) (123.5707963267949,3038) (124.5707963267949,3038) (124.5707963267949,3064) (125.5707963267949,3064) (125.5707963267949,3090) (126.5707963267949,3090) (126.5707963267949,3116) (127.5707963267949,3116) (127.5707963267949,3142) (128.5707963267949,3142) (128.5707963267949,3168) (129.5707963267949,3168) (129.5707963267949,3194) (130.5707963267949,3194) (130.5707963267949,3220) (131.5707963267949,3220) (131.5707963267949,3246) (132.5707963267949,3246) (132.5707963267949,3272) (133.5707963267949,3272) (133.5707963267949,3298) (134.5707963267949,3298) (134.5707963267949,3324) (135.5707963267949,3324) (135.5707963267949,3350) (136.5707963267949,3350) (136.5707963267949,3376) (137.5707963267949,3376) (137.5707963267949,3402) (138.5707963267949,3402) (138.5707963267949,3428) (139.5707963267949,3428) (139.5707963267949,3454) (140.5707963267949,3454) (140.5707963267949,3480) (141.5707963267949,3480) (141.5707963267949,3506) (142.5707963267949,3506) (142.5707963267949,3532) (143.5707963267949,3532) (143.5707963267949,3558) (144.5707963267949,3558) (144.5707963267949,3584) (145.5707963267949,3584) (145.5707963267949,3610) (146.5707963267949,3610) (146.5707963267949,3636) (147.5707963267949,3636) (147.5707963267949,3662) (148.5707963267949,3662) (148.5707963267949,3688) (149.5707963267949,3688) (149.5707963267949,3714) (150.5707963267949,3714) (150.5707963267949,3740) (151.5707963267949,3740) (151.5707963267949,3766) (152.5707963267949,3766) (152.5707963267949,3792) (153.5707963267949,3792) (153.5707963267949,3818) (154.5707963267949,3818) (154.5707963267949,3844) (155.5707963267949,3844) (155.5707963267949,3870) (156.5707963267949,3870) (156.5707963267949,3896) (157.5707963267949,3896) (157.5707963267949,3900) (242.7123889802949,3900) (242.7123889802949,3899.999999997665) (243.7123889802949,3899.999999997665) (243.7123889802949,3899.999999995331) (244.7123889802949,3899.999999995331) (244.7123889802949,3899.999999992996) (245.7123889802949,3899.999999992996) (245.7123889802949,3899.999999990661) (246.7123889802949,3899.999999990661) (246.7123889802949,3899.999999988327) (247.7123889802949,3899.999999988327) (247.7123889802949,3899.999999985992) (248.7123889802949,3899.999999985992) (248.7123889802949,3899.999999983657) (249.7123889802949,3899.999999983657) (249.7123889802949,3899.999999981323) (250.7123889802949,3899.999999981323) (250.7123889802949,3899.999999978988) (251.7123889802949,3899.999999978988) (251.7123889802949,3899.999999976653) (252.7123889802949,3899.999999976653) (252.7123889802949,3899.999999974319) (253.7123889802949,3899.999999974319) (253.7123889802949,3899.999999971984) (254.7123889802949,3899.999999971984) (254.7123889802949,3899.999999969649) (255.7123889802949,3899.999999969649) (255.7123889802949,3899.999999967315) (256.7123889802949,3899.999999967315) (256.7123889802949,3899.99999996498) (257.7123889802949,3899.99999996498) (257.7123889802949,3899.999999962645) (258.7123889802949,3899.999999962645) (258.7123889802949,3899.999999960311) (259.7123889802949,3899.999999960311) (259.7123889802949,3899.999999957976) (260.7123889802949,3899.999999957976) (260.7123889802949,3899.999999955641) (261.7123889802949,3899.999999955641) (261.7123889802949,3899.999999953307) (262.7123889802949,3899.999999953307) (262.7123889802949,3899.999999950972) (263.7123889802949,3899.999999950972) (263.7123889802949,3899.999999948637) (264.7123889802949,3899.999999948637) (264.7123889802949,3899.999999946303) (265.7123889802949,3899.999999946303) (265.7123889802949,3899.999999943968) (266.7123889802949,3899.999999943968) (266.7123889802949,3899.999999941633) (267.7123889802949,3899.999999941633) (267.7123889802949,3899.999999939299) (268.7123889802949,3899.999999939299) (268.7123889802949,3900) (434.8539816337949,3900) (434.8539816337949,3899.999999997665) (435.8539816337949,3899.999999997665) (435.8539816337949,3899.999999995331) (436.8539816337949,3899.999999995331) (436.8539816337949,3899.999999992996) (437.8539816337949,3899.999999992996) (437.8539816337949,3899.999999990661) (438.8539816337949,3899.999999990661) (438.8539816337949,3899.999999988327) (439.8539816337949,3899.999999988327) (439.8539816337949,3899.999999985992) (440.8539816337949,3899.999999985992) (440.8539816337949,3899.999999983657) (441.8539816337949,3899.999999983657) (441.8539816337949,3899.999999981323) (442.8539816337949,3899.999999981323) (442.8539816337949,3899.999999978988) (443.8539816337949,3899.999999978988) (443.8539816337949,3899.999999976653) (444.8539816337949,3899.999999976653) (444.8539816337949,3899.999999974319) (445.8539816337949,3899.999999974319) (445.8539816337949,3899.999999971984) (446.8539816337949,3899.999999971984) (446.8539816337949,3899.999999969649) (447.8539816337949,3899.999999969649) (447.8539816337949,3899.999999967315) (448.8539816337949,3899.999999967315) (448.8539816337949,3899.99999996498) (449.8539816337949,3899.99999996498) (449.8539816337949,3899.999999962645) (450.8539816337949,3899.999999962645) (450.8539816337949,3899.999999960311) (451.8539816337949,3899.999999960311) (451.8539816337949,3899.999999957976) (452.8539816337949,3899.999999957976) (452.8539816337949,3899.999999955641) (453.8539816337949,3899.999999955641) (453.8539816337949,3899.999999953307) (454.8539816337949,3899.999999953307) (454.8539816337949,3899.999999950972) (455.8539816337949,3899.999999950972) (455.8539816337949,3899.999999948637) (456.8539816337949,3899.999999948637) (456.8539816337949,3899.999999946303) (457.8539816337949,3899.999999946303) (457.8539816337949,3899.999999943968) (458.8539816337949,3899.999999943968) (458.8539816337949,3899.999999941633) (459.8539816337949,3899.999999941633) (459.8539816337949,3899.999999939299) (460.8539816337949,3899.999999939299) (460.8539816337949,3899.999999936964) (461.8539816337949,3899.999999936964) (461.8539816337949,3899.999999934629) (462.8539816337949,3899.999999934629) (462.8539816337949,3899.999999932294) (463.8539816337949,3899.999999932294) (463.8539816337949,3899.99999992996) (464.8539816337949,3899.99999992996) (464.8539816337949,3899.999999927625) (465.8539816337949,3899.999999927625) (465.8539816337949,3899.99999992529) (466.8539816337949,3899.99999992529) (466.8539816337949,3899.999999922956) (467.8539816337949,3899.999999922956) (467.8539816337949,3899.999999920621) (468.8539816337949,3899.999999920621) (468.8539816337949,3899.999999918286) (469.8539816337949,3899.999999918286) (469.8539816337949,3899.999999915952) (470.8539816337949,3899.999999915952) (470.8539816337949,3899.999999913617) (471.8539816337949,3899.999999913617) (471.8539816337949,3899.999999911282) (472.8539816337949,3899.999999911282) (472.8539816337949,3899.999999908948) (473.8539816337949,3899.999999908948) (473.8539816337949,3899.999999906613) (474.8539816337949,3899.999999906613) (474.8539816337949,3899.999999904278) (475.8539816337949,3899.999999904278) (475.8539816337949,3899.999999901944) (476.8539816337949,3899.999999901944) (476.8539816337949,3899.999999899609) (477.8539816337949,3899.999999899609) (477.8539816337949,3899.999999897274) (478.8539816337949,3899.999999897274) (478.8539816337949,3899.99999989494) (479.8539816337949,3899.99999989494) (479.8539816337949,3899.999999892605) (480.8539816337949,3899.999999892605) (480.8539816337949,3899.99999989027) (481.8539816337949,3899.99999989027) (481.8539816337949,3899.999999887936) (482.8539816337949,3899.999999887936) (482.8539816337949,3899.999999885601) (483.8539816337949,3899.999999885601) (483.8539816337949,3899.999999883266) (484.8539816337949,3899.999999883266) (484.8539816337949,3899.999999880932) (485.8539816337949,3899.999999880932) (485.8539816337949,3899.999999878597) (486.8539816337949,3899.999999878597) (486.8539816337949,3899.999999876262) (487.8539816337949,3899.999999876262) (487.8539816337949,3899.999999873928) (488.8539816337949,3899.999999873928) (488.8539816337949,3899.999999871593) (489.8539816337949,3899.999999871593) (489.8539816337949,3899.999999869258) (490.8539816337949,3899.999999869258) (490.8539816337949,3899.999999866924) (491.8539816337949,3899.999999866924) (491.8539816337949,3899.999999864589) (492.8539816337949,3899.999999864589) (492.8539816337949,3899.999999862254) (493.8539816337949,3899.999999862254) (493.8539816337949,3899.99999985992) (494.8539816337949,3899.99999985992) (494.8539816337949,3899.999999857585) (495.8539816337949,3899.999999857585) (495.8539816337949,3899.99999985525) (496.8539816337949,3899.99999985525) (496.8539816337949,3899.999999852916) (497.8539816337949,3899.999999852916) (497.8539816337949,3899.999999850581) (498.8539816337949,3899.999999850581) (498.8539816337949,3899.999999848246) (499.8539816337949,3899.999999848246) (499.8539816337949,3899.999999845912) (500.8539816337949,3899.999999845912) (500.8539816337949,3899.999999843577) (501.8539816337949,3899.999999843577) (501.8539816337949,3899.999999841242) (502.8539816337949,3899.999999841242) (502.8539816337949,3899.999999838908) (503.8539816337949,3899.999999838908) (503.8539816337949,3899.999999836573) (504.8539816337949,3899.999999836573) (504.8539816337949,3899.999999834238) (505.8539816337949,3899.999999834238) (505.8539816337949,3899.999999831904) (506.8539816337949,3899.999999831904) (506.8539816337949,3899.999999829569) (507.8539816337949,3899.999999829569) (507.8539816337949,3899.999999827234) (508.8539816337949,3899.999999827234) (508.8539816337949,3899.9999998249) (509.8539816337949,3899.9999998249) (509.8539816337949,3899.999999822565) (510.8539816337949,3899.999999822565) (510.8539816337949,3899.99999982023) (511.8539816337949,3899.99999982023) (511.8539816337949,3899.999999817896) (512.8539816337949,3899.999999817896) (512.8539816337949,3899.999999815561) (513.8539816337949,3899.999999815561) (513.8539816337949,3899.999999813226) (514.8539816337949,3899.999999813226) (514.8539816337949,3899.999999810891) (515.8539816337949,3899.999999810891) (515.8539816337949,3899.999999808557) (516.8539816337949,3899.999999808557) (516.8539816337949,3899.999999806222) (517.8539816337949,3899.999999806222) (517.8539816337949,3899.999999803887) (518.8539816337949,3899.999999803887) (518.8539816337949,3899.999999801553) (519.8539816337949,3899.999999801553) (519.8539816337949,3899.999999799218) (520.8539816337949,3899.999999799218) (520.8539816337949,3899.999999796883) (521.8539816337949,3899.999999796883) (521.8539816337949,3899.999999794549) (522.8539816337949,3899.999999794549) (522.8539816337949,3899.999999792214) (523.8539816337949,3899.999999792214) (523.8539816337949,3899.999999789879) (524.8539816337949,3899.999999789879) (524.8539816337949,3899.999999787545) (525.8539816337949,3899.999999787545) (525.8539816337949,3899.99999978521) (526.8539816337949,3899.99999978521) (526.8539816337949,3899.999999782875) (527.8539816337949,3899.999999782875) (527.8539816337949,3899.999999780541) (528.8539816337949,3899.999999780541) (528.8539816337949,3899.999999778206) (529.8539816337949,3899.999999778206) (529.8539816337949,3899.999999775871) (530.8539816337949,3899.999999775871) (530.8539816337949,3899.999999773537) (531.8539816337949,3899.999999773537) (531.8539816337949,3899.999999771202) (532.8539816337949,3899.999999771202) (532.8539816337949,3899.999999768867) (533.8539816337949,3899.999999768867) (533.8539816337949,3899.999999766533) (534.8539816337949,3899.999999766533) (534.8539816337949,3899.999999764198) (535.8539816337949,3899.999999764198) (535.8539816337949,3899.999999761863) (536.8539816337949,3899.999999761863) (536.8539816337949,3899.999999759529) (537.8539816337949,3899.999999759529) (537.8539816337949,3899.999999757194) (538.8539816337949,3899.999999757194) (538.8539816337949,3899.999999754859) (539.8539816337949,3899.999999754859) (539.8539816337949,3899.999999752525) (540.8539816337949,3899.999999752525) (540.8539816337949,3899.99999975019) (541.8539816337949,3899.99999975019) (541.8539816337949,3899.999999747855) (542.8539816337949,3899.999999747855) (542.8539816337949,3899.999999745521) (543.8539816337949,3899.999999745521) (543.8539816337949,3899.999999743186) (544.8539816337949,3899.999999743186) (544.8539816337949,3899.999999740851) (545.8539816337949,3899.999999740851) (545.8539816337949,3899.999999738517) (546.8539816337949,3899.999999738517) (546.8539816337949,3899.999999736182) (547.8539816337949,3899.999999736182) (547.8539816337949,3899.999999733847) (548.8539816337949,3899.999999733847) (548.8539816337949,3899.999999731513) (549.8539816337949,3899.999999731513) (549.8539816337949,3899.999999729178) (550.8539816337949,3899.999999729178) (550.8539816337949,3899.999999726843) (551.8539816337949,3899.999999726843) (551.8539816337949,3899.999999724509) (552.8539816337949,3899.999999724509) (552.8539816337949,3899.999999722174) (553.8539816337949,3899.999999722174) (553.8539816337949,3899.999999719839) (554.8539816337949,3899.999999719839) (554.8539816337949,3899.999999717505) (555.8539816337949,3899.999999717505) (555.8539816337949,3899.99999971517) (556.8539816337949,3899.99999971517) (556.8539816337949,3899.999999712835) (557.8539816337949,3899.999999712835) (557.8539816337949,3899.999999710501) (558.8539816337949,3899.999999710501) (558.8539816337949,3899.999999708166) (559.8539816337949,3899.999999708166) (559.8539816337949,3899.999999705831) (560.8539816337949,3899.999999705831) (560.8539816337949,3899.999999703497) (561.8539816337949,3899.999999703497) (561.8539816337949,3899.999999701162) (562.8539816337949,3899.999999701162) (562.8539816337949,3899.999999698827) (563.8539816337949,3899.999999698827) (563.8539816337949,3899.999999696493) (564.8539816337949,3899.999999696493) (564.8539816337949,3899.999999694158) (565.8539816337949,3899.999999694158) (565.8539816337949,3899.999999691823) (566.8539816337949,3899.999999691823) (566.8539816337949,3899.999999689489) (567.8539816337949,3899.999999689489) (567.8539816337949,3899.999999687154) (568.8539816337949,3899.999999687154) (568.8539816337949,3899.999999684819) (569.8539816337949,3899.999999684819) (569.8539816337949,3899.999999682484) (570.8539816337949,3899.999999682484) (570.8539816337949,3899.99999968015) (571.8539816337949,3899.99999968015) (571.8539816337949,3899.999999677815) (572.8539816337949,3899.999999677815) (572.8539816337949,3899.99999967548) (573.8539816337949,3899.99999967548) (573.8539816337949,3899.999999673146) (574.8539816337949,3899.999999673146) (574.8539816337949,3899.999999670811) (575.8539816337949,3899.999999670811) (575.8539816337949,3899.999999668476) (576.8539816337949,3899.999999668476) (576.8539816337949,3899.999999666142) (577.8539816337949,3899.999999666142) (577.8539816337949,3899.999999663807) (578.8539816337949,3899.999999663807) (578.8539816337949,3899.999999661472) (579.8539816337949,3899.999999661472) (579.8539816337949,3899.999999659138) (580.8539816337949,3899.999999659138) (580.8539816337949,3899.999999656803) (581.8539816337949,3899.999999656803) (581.8539816337949,3899.999999654468) (582.8539816337949,3899.999999654468) (582.8539816337949,3899.999999652134) (583.8539816337949,3899.999999652134) (583.8539816337949,3899.999999649799) (584.8539816337949,3899.999999649799) (584.8539816337949,3899.999999647464) (585.8539816337949,3899.999999647464) (585.8539816337949,3899.99999964513) (586.8539816337949,3899.99999964513) (586.8539816337949,3899.999999642795) (587.8539816337949,3899.999999642795) (587.8539816337949,3899.99999964046) (588.8539816337949,3899.99999964046) (588.8539816337949,3899.999999638126) (589.8539816337949,3899.999999638126) (589.8539816337949,3899.999999635791) (590.8539816337949,3899.999999635791) (590.8539816337949,3899.999999633456) (591.8539816337949,3899.999999633456) (591.8539816337949,3899.999999631122) (592.8539816337949,3899.999999631122) (592.8539816337949,3899.999999628787) (593.8539816337949,3899.999999628787) (593.8539816337949,3899.999999626452) (594.8539816337949,3899.999999626452) (594.8539816337949,3899.999999624118) (595.8539816337949,3899.999999624118) (595.8539816337949,3900) (596.8539816337949,3900) (596.8539816337949,3899.999999997665) (597.8539816337949,3899.999999997665) (597.8539816337949,3899.999999995331) (598.8539816337949,3899.999999995331) (598.8539816337949,3899.999999992996) (599.8539816337949,3899.999999992996) (599.8539816337949,3899.999999990661) (600.8539816337949,3899.999999990661) (600.8539816337949,3899.999999988327) (601.8539816337949,3899.999999988327) (601.8539816337949,3899.999999985992) (602.8539816337949,3899.999999985992) (602.8539816337949,3899.999999983657) (603.8539816337949,3899.999999983657) (603.8539816337949,3899.999999981323) (604.8539816337949,3899.999999981323) (604.8539816337949,3899.999999978988) (605.8539816337949,3899.999999978988) (605.8539816337949,3899.999999976653) (606.8539816337949,3899.999999976653) (606.8539816337949,3899.999999974319) (607.8539816337949,3899.999999974319) (607.8539816337949,3899.999999971984) (608.8539816337949,3899.999999971984) (608.8539816337949,3899.999999969649) (609.8539816337949,3899.999999969649) (609.8539816337949,3899.999999967315) (610.8539816337949,3899.999999967315) (610.8539816337949,3899.99999996498) (611.8539816337949,3899.99999996498) (611.8539816337949,3899.999999962645) (612.8539816337949,3899.999999962645) (612.8539816337949,3899.999999960311) (613.8539816337949,3899.999999960311) (613.8539816337949,3899.999999957976) (614.8539816337949,3899.999999957976) (614.8539816337949,3899.999999955641) (615.8539816337949,3899.999999955641) (615.8539816337949,3899.999999953307) (616.8539816337949,3899.999999953307) (616.8539816337949,3899.999999950972) (617.8539816337949,3899.999999950972) (617.8539816337949,3899.999999948637) (618.8539816337949,3899.999999948637) (618.8539816337949,3899.999999946303) (619.8539816337949,3899.999999946303) (619.8539816337949,3899.999999943968) (620.8539816337949,3899.999999943968) (620.8539816337949,3899.999999941633) (621.8539816337949,3899.999999941633) (621.8539816337949,3899.999999939299) (622.8539816337949,3899.999999939299) (622.8539816337949,3900) (700,3900)
batteryCharge[0]:
[0]: (0,100) (700,100)
robPositionX[1]:
[0]: (0,0) (0,600) (2,600) (2,626) (3,626) (3,652) (4,652) (4,678) (5,678) (5,704) (6,704) (6,730) (7,730) (7,756) (8,756) (8,782) (9,782) (9,808) (10,808) (10,834) (11,834) (11,860) (12,860) (12,886) (13,886) (13,912) (14,912) (14,938) (15,938) (15,964) (16,964) (16,990) (17,990) (17,1016) (18,1016) (18,1042) (19,1042) (19,1068) (20,1068) (20,1094) (21,1094) (21,1120) (22,1120) (22,1146) (23,1146) (23,1172) (24,1172) (24,1198) (25,1198) (25,1224) (26,1224) (26,1250) (27,1250) (27,1276) (28,1276) (28,1300) (29,1300) (29,1326) (30,1326) (30,1352) (31,1352) (31,1378) (32,1378) (32,1404) (33,1404) (33,1430) (34,1430) (34,1456) (35,1456) (35,1482) (36,1482) (36,1508) (37,1508) (37,1534) (38,1534) (38,1560) (39,1560) (39,1586) (40,1586) (40,1612) (41,1612) (41,1638) (42,1638) (42,1664) (43,1664) (43,1690) (44,1690) (44,1716) (45,1716) (45,1742) (46,1742) (46,1768) (47,1768) (47,1794) (48,1794) (48,1820) (49,1820) (49,1846) (50,1846) (50,1872) (51,1872) (51,1898) (52,1898) (52,1924) (53,1924) (53,1950) (54,1950) (54,1976) (55,1976) (55,2000) (56,2000) (56,2026) (57,2026) (57,2052) (58,2052) (58,2078) (59,2078) (59,2104) (60,2104) (60,2130) (61,2130) (61,2156) (62,2156) (62,2182) (63,2182) (63,2208) (64,2208) (64,2234) (65,2234) (65,2260) (66,2260) (66,2286) (67,2286) (67,2312) (68,2312) (68,2338) (69,2338) (69,2364) (70,2364) (70,2390) (71,2390) (71,2416) (72,2416) (72,2442) (73,2442) (73,2468) (74,2468) (74,2494) (75,2494) (75,2520) (76,2520) (76,2546) (77,2546) (77,2572) (78,2572) (78,2598) (79,2598) (79,2624) (80,2624) (80,2650) (81,2650) (81,2676) (82,2676) (82,2700) (83,2700) (83,2726) (84,2726) (84,2752) (85,2752) (85,2778) (86,2778) (86,2804) (87,2804) (87,2830) (88,2830) (88,2856) (89,2856) (89,2882) (90,2882) (90,2908) (91,2908) (91,2934) (92,2934) (92,2960) (93,2960) (93,2986) (94,2986) (94,3012) (95,3012) (95,3038) (96,3038) (96,3064) (97,3064) (97,3090) (98,3090) (98,3116) (99,3116) (99,3142) (100,3142) (100,3168) (101,3168) (101,3194) (102,3194) (102,3220) (103,3220) (103,3246) (104,3246) (104,3272) (105,3272) (105,3298) (106,3298) (106,3324) (107,3324) (107,3350) (108,3350) (108,3376) (109,3376) (109,3400) (110,3400) (110,3426) (111,3426) (111,3452) (112,3452) (112,3478) (113,3478) (113,3504) (114,3504) (114,3530) (115,3530) (115,3556) (116,3556) (116,3582) (117,3582) (117,3608) (118,3608) (118,3634) (119,3634) (119,3660) (120,3660) (120,3686) (121,3686) (121,3712) (122,3712) (122,3738) (123,3738) (123,3764) (124,3764) (124,3790) (125,3790) (125,3816) (126,3816) (126,3842) (127,3842) (127,3868) (128,3868) (128,3894) (129,3894) (129,3920) (130,3920) (130,3946) (131,3946) (131,3972) (132,3972) (132,3998) (133,3998) (133,4024) (134,4024) (134,4050) (135,4050) (135,4076) (136,4076) (136,4100) (137,4100) (137,4126) (138,4126) (138,4152) (139,4152) (139,4178) (140,4178) (140,4204) (141,4204) (141,4230) (142,4230) (142,4256) (143,4256) (143,4282) (144,4282) (144,4308) (145,4308) (145,4334) (146,4334) (146,4360) (147,4360) (147,4386) (148,4386) (148,4412) (149,4412) (149,4438) (150,4438) (150,4464) (151,4464) (151,4490) (152,4490) (152,4516) (153,4516) (153,4542) (154,4542) (154,4568) (155,4568) (155,4594) (156,4594) (156,4620) (157,4620) (157,4646) (158,4646) (158,4672) (159,4672) (159,4698) (160,4698) (160,4724) (161,4724) (161,4750) (162,4750) (162,4776) (163,4776) (163,4800) (164,4800) (164,4826) (165,4826) (165,4852) (166,4852) (166,4878) (167,4878) (167,4904) (168,4904) (168,4930) (169,4930) (169,4956) (170,4956) (170,4982) (171,4982) (171,5008) (172,5008) (172,5034) (173,5034) (173,5060) (174,5060) (174,5086) (175,5086) (175,5112) (176,5112) (176,5138) (177,5138) (177,5164) (178,5164) (178,5190) (179,5190) (179,5216) (180,5216) (180,5242) (181,5242) (181,5268) (182,5268) (182,5294) (183,5294) (183,5320) (184,5320) (184,5346) (185,5346) (185,5372) (186,5372) (186,5398) (187,5398) (187,5424) (188,5424) (188,5450) (189,5450) (189,5476) (190,5476) (190,5500) (191,5500) (191,5526) (192,5526) (192,5552) (193,5552) (193,5578) (194,5578) (194,5604) (195,5604) (195,5630) (196,5630) (196,5656) (197,5656) (197,5682) (198,5682) (198,5708) (199,5708) (199,5734) (200,5734) (200,5760) (201,5760) (201,5786) (202,5786) (202,5812) (203,5812) (203,5838) (204,5838) (204,5864) (205,5864) (205,5890) (206,5890) (206,5916) (207,5916) (207,5942) (208,5942) (208,5968) (209,5968) (209,5994) (210,5994) (210,6020) (211,6020) (211,6046) (212,6046) (212,6072) (213,6072) (213,6098) (214,6098) (214,6124) (215,6124) (215,6150) (216,6150) (216,6176) (217,6176) (217,6200) (218,6200) (218,6226) (219,6226) (219,6252) (220,6252) (220,6278) (221,6278) (221,6304) (222,6304) (222,6330) (223,6330) (223,6356) (224,6356) (224,6382) (225,6382) (225,6400) (227.343997478741,6400) (227.343997478741,6405.846347174168) (228.343997478741,6405.846347174168) (228.343997478741,6411.692694348336) (229.343997478741,6411.692694348336) (229.343997478741,6417.539041522504) (230.343997478741,6417.539041522504) (230.343997478741,6423.385388696672) (231.343997478741,6423.385388696672) (231.343997478741,6429.23173587084) (232.343997478741,6429.23173587084) (232.343997478741,6435.078083045008) (233.343997478741,6435.078083045008) (233.343997478741,6440.924430219176) (234.343997478741,6440.924430219176) (234.343997478741,6446.770777393343) (235.343997478741,6446.770777393343) (235.343997478741,6452.617124567511) (236.343997478741,6452.617124567511) (236.343997478741,6458.463471741679) (237.343997478741,6458.463471741679) (237.343997478741,6464.309818915847) (238.343997478741,6464.309818915847) (238.343997478741,6470.156166090015) (239.343997478741,6470.156166090015) (239.343997478741,6476.002513264183) (240.343997478741,6476.002513264183) (240.343997478741,6481.848860438351) (241.343997478741,6481.848860438351) (241.343997478741,6487.695207612519) (242.343997478741,6487.695207612519) (242.343997478741,6493.541554786687) (243.343997478741,6493.541554786687) (243.343997478741,6499.387901960855) (244.343997478741,6499.387901960855) (244.343997478741,6505.234249135023) (245.343997478741,6505.234249135023) (245.343997478741,6511.080596309191) (246.343997478741,6511.080596309191) (246.343997478741,6516.926943483359) (247.343997478741,6516.926943483359) (247.343997478741,6522.773290657527) (248.343997478741,6522.773290657527) (248.343997478741,6528.619637831694) (249.343997478741,6528.619637831694) (249.343997478741,6534.465985005862) (250.343997478741,6534.465985005862) (250.343997478741,6540.31233218003) (251.343997478741,6540.31233218003) (251.343997478741,6546.158679354198) (258.8843587331752,6546.158679354198) (258.8843587331752,6540.312332182305) (261.6819539079343,6540.312332182305) (261.6819539079343,6534.465985010412) (262.6819539079343,6534.465985010412) (262.6819539079343,6528.619637838518) (263.6819539079343,6528.619637838518) (263.6819539079343,6522.773290666625) (264.6819539079343,6522.773290666625) (264.6819539079343,6516.926943494732) (265.6819539079343,6516.926943494732) (265.6819539079343,6511.080596322839) (266.6819539079343,6511.080596322839) (266.6819539079343,6505.234249150945) (267.6819539079343,6505.234249150945) (267.6819539079343,6499.387901979052) (268.6819539079343,6499.387901979052) (268.6819539079343,6493.541554807159) (269.6819539079343,6493.541554807159) (269.6819539079343,6487.695207635265) (270.6819539079343,6487.695207635265) (270.6819539079343,6481.848860463372) (271.6819539079343,6481.848860463372) (271.6819539079343,6476.002513291479) (272.6819539079343,6476.002513291479) (272.6819539079343,6470.156166119586) (273.6819539079343,6470.156166119586) (273.6819539079343,6464.309818947692) (274.6819539079343,6464.309818947692) (274.6819539079343,6458.463471775799) (275.6819539079343,6458.463471775799) (275.6819539079343,6452.617124603906) (276.6819539079343,6452.617124603906) (276.6819539079343,6446.770777432012) (277.6819539079343,6446.770777432012) (277.6819539079343,6440.924430260119) (278.6819539079343,6440.924430260119) (278.6819539079343,6435.078083088226) (279.6819539079343,6435.078083088226) (279.6819539079343,6429.231735916333) (280.6819539079343,6429.231735916333) (280.6819539079343,6423.385388744439) (281.6819539079343,6423.385388744439) (281.6819539079343,6417.539041572546) (282.6819539079343,6417.539041572546) (282.6819539079343,6411.692694400653) (283.6819539079343,6411.692694400653) (283.6819539079343,6405.846347228759) (284.6819539079343,6405.846347228759) (284.6819539079343,6400) (288.8235465614342,6400) (288.8235465614342,6374) (289.8235465614342,6374) (289.8235465614342,6348) (290.8235465614342,6348) (290.8235465614342,6322) (291.8235465614342,6322) (291.8235465614342,6296) (292.8235465614342,6296) (292.8235465614342,6270) (293.8235465614342,6270) (293.8235465614342,6244) (294.8235465614342,6244) (294.8235465614342,6218) (301.8235465614342,6218) (301.8235465614342,6217.876843489263) (304.3990796948172,6217.876843489263) (304.3990796948172,6217.753686978525) (305.3990796948172,6217.753686978525) (305.3990796948172,6217.630530467788) (306.3990796948172,6217.630530467788) (306.3990796948172,6217.507373957051) (307.3990796948172,6217.507373957051) (307.3990796948172,6217.384217446313) (308.3990796948172,6217.384217446313) (308.3990796948172,6217.261060935576) (309.3990796948172,6217.261060935576) (309.3990796948172,6217.137904424839) (310.3990796948172,6217.137904424839) (310.3990796948172,6217.014747914101) (311.3990796948172,6217.014747914101) (311.3990796948172,6216.891591403364) (312.3990796948172,6216.891591403364) (312.3990796948172,6216.768434892627) (313.3990796948172,6216.768434892627) (313.3990796948172,6216.64527838189) (314.3990796948172,6216.64527838189) (314.3990796948172,6216.522121871152) (315.3990796948172,6216.522121871152) (315.3990796948172,6216.398965360415) (316.3990796948172,6216.398965360415) (316.3990796948172,6216.275808849678) (317.3990796948172,6216.275808849678) (317.3990796948172,6216.15265233894) (318.3990796948172,6216.15265233894) (318.3990796948172,6216.029495828203) (319.3990796948172,6216.029495828203) (319.3990796948172,6215.906339317466) (320.3990796948172,6215.906339317466) (320.3990796948172,6215.783182806728) (321.3990796948172,6215.783182806728) (321.3990796948172,6215.660026295991) (322.3990796948172,6215.660026295991) (322.3990796948172,6215.536869785254) (323.3990796948172,6215.536869785254) (323.3990796948172,6215.413713274516) (324.3990796948172,6215.413713274516) (324.3990796948172,6215.290556763779) (325.3990796948172,6215.290556763779) (325.3990796948172,6215.167400253042) (326.3990796948172,6215.167400253042) (326.3990796948172,6215.044243742304) (327.3990796948172,6215.044243742304) (327.3990796948172,6214.921087231567) (328.3990796948172,6214.921087231567) (328.3990796948172,6214.79793072083) (329.3990796948172,6214.79793072083) (329.3990796948172,6214.674774210092) (330.3990796948172,6214.674774210092) (330.3990796948172,6214.551617699355) (331.3990796948172,6214.551617699355) (331.3990796948172,6214.428461188618) (332.3990796948172,6214.428461188618) (332.3990796948172,6214.30530467788) (333.3990796948172,6214.30530467788) (333.3990796948172,6214.182148167143) (334.3990796948172,6214.182148167143) (334.3990796948172,6214.058991656406) (335.3990796948172,6214.058991656406) (335.3990796948172,6213.935835145669) (336.3990796948172,6213.935835145669) (336.3990796948172,6213.812678634931) (337.3990796948172,6213.812678634931) (337.3990796948172,6213.689522124194) (338.3990796948172,6213.689522124194) (338.3990796948172,6213.566365613457) (339.3990796948172,6213.566365613457) (339.3990796948172,6213.443209102719) (340.3990796948172,6213.443209102719) (340.3990796948172,6213.320052591982) (341.3990796948172,6213.320052591982) (341.3990796948172,6213.196896081245) (342.3990796948172,6213.196896081245) (342.3990796948172,6213.073739570507) (343.3990796948172,6213.073739570507) (343.3990796948172,6212.95058305977) (344.3990796948172,6212.95058305977) (344.3990796948172,6212.827426549033) (345.3990796948172,6212.827426549033) (345.3990796948172,6212.704270038295) (346.3990796948172,6212.704270038295) (346.3990796948172,6212.581113527558) (347.3990796948172,6212.581113527558) (347.3990796948172,6212.457957016821) (348.3990796948172,6212.457957016821) (348.3990796948172,6212.334800506083) (349.3990796948172,6212.334800506083) (349.3990796948172,6212.211643995346) (350.3990796948172,6212.211643995346) (350.3990796948172,6212.088487484609) (351.3990796948172,6212.088487484609) (351.3990796948172,6211.965330973871) (352.3990796948172,6211.965330973871) (352.3990796948172,6211.842174463134) (353.3990796948172,6211.842174463134) (353.3990796948172,6211.719017952397) (354.3990796948172,6211.719017952397) (354.3990796948172,6211.59586144166) (355.3990796948172,6211.59586144166) (355.3990796948172,6211.472704930922) (356.3990796948172,6211.472704930922) (356.3990796948172,6211.349548420185) (357.3990796948172,6211.349548420185) (357.3990796948172,6211.226391909448) (358.3990796948172,6211.226391909448) (358.3990796948172,6211.10323539871) (359.3990796948172,6211.10323539871) (359.3990796948172,6210.980078887973) (360.3990796948172,6210.980078887973) (360.3990796948172,6210.856922377236) (361.3990796948172,6210.856922377236) (361.3990796948172,6210.733765866498) (362.3990796948172,6210.733765866498) (362.3990796948172,6210.610609355761) (363.3990796948172,6210.610609355761) (363.3990796948172,6210.487452845024) (364.3990796948172,6210.487452845024) (364.3990796948172,6210.364296334286) (365.3990796948172,6210.364296334286) (365.3990796948172,6210.241139823549) (366.3990796948172,6210.241139823549) (366.3990796948172,6210.117983312812) (367.3990796948172,6210.117983312812) (367.3990796948172,6209.994826802074) (368.3990796948172,6209.994826802074) (368.3990796948172,6209.871670291337) (369.3990796948172,6209.871670291337) (369.3990796948172,6209.7485137806) (370.3990796948172,6209.7485137806) (370.3990796948172,6209.625357269862) (371.3990796948172,6209.625357269862) (371.3990796948172,6209.502200759125) (372.3990796948172,6209.502200759125) (372.3990796948172,6209.379044248388) (373.3990796948172,6209.379044248388) (373.3990796948172,6209.25588773765) (374.3990796948172,6209.25588773765) (374.3990796948172,6209.132731226913) (375.3990796948172,6209.132731226913) (375.3990796948172,6209.009574716176) (376.3990796948172,6209.009574716176) (376.3990796948172,6208.886418205439) (377.3990796948172,6208.886418205439) (377.3990796948172,6208.763261694701) (378.3990796948172,6208.763261694701) (378.3990796948172,6208.640105183964) (379.3990796948172,6208.640105183964) (379.3990796948172,6208.516948673227) (380.3990796948172,6208.516948673227) (380.3990796948172,6208.393792162489) (381.3990796948172,6208.393792162489) (381.3990796948172,6208.270635651752) (382.3990796948172,6208.270635651752) (382.3990796948172,6208.147479141015) (383.3990796948172,6208.147479141015) (383.3990796948172,6208.024322630277) (384.3990796948172,6208.024322630277) (384.3990796948172,6207.90116611954) (385.3990796948172,6207.90116611954) (385.3990796948172,6207.778009608803) (386.3990796948172,6207.778009608803) (386.3990796948172,6207.654853098065) (387.3990796948172,6207.654853098065) (387.3990796948172,6207.531696587328) (388.3990796948172,6207.531696587328) (388.3990796948172,6207.408540076591) (389.3990796948172,6207.408540076591) (389.3990796948172,6207.285383565853) (390.3990796948172,6207.285383565853) (390.3990796948172,6207.162227055116) (391.3990796948172,6207.162227055116) (391.3990796948172,6207.039070544379) (392.3990796948172,6207.039070544379) (392.3990796948172,6206.915914033641) (393.3990796948172,6206.915914033641) (393.3990796948172,6206.792757522904) (394.3990796948172,6206.792757522904) (394.3990796948172,6206.669601012167) (395.3990796948172,6206.669601012167) (395.3990796948172,6206.54644450143) (396.3990796948172,6206.54644450143) (396.3990796948172,6206.423287990692) (397.3990796948172,6206.423287990692) (397.3990796948172,6206.300131479955) (398.3990796948172,6206.300131479955) (398.3990796948172,6206.176974969218) (399.3990796948172,6206.176974969218) (399.3990796948172,6206.05381845848) (400.3990796948172,6206.05381845848) (400.3990796948172,6205.930661947743) (401.3990796948172,6205.930661947743) (401.3990796948172,6205.807505437006) (402.3990796948172,6205.807505437006) (402.3990796948172,6205.684348926268) (403.3990796948172,6205.684348926268) (403.3990796948172,6205.561192415531) (404.3990796948172,6205.561192415531) (404.3990796948172,6205.438035904794) (405.3990796948172,6205.438035904794) (405.3990796948172,6205.314879394056) (406.3990796948172,6205.314879394056) (406.3990796948172,6205.191722883319) (407.3990796948172,6205.191722883319) (407.3990796948172,6205.068566372582) (408.3990796948172,6205.068566372582) (408.3990796948172,6204.945409861844) (409.3990796948172,6204.945409861844) (409.3990796948172,6204.822253351107) (410.3990796948172,6204.822253351107) (410.3990796948172,6204.69909684037) (411.3990796948172,6204.69909684037) (411.3990796948172,6204.575940329632) (412.3990796948172,6204.575940329632) (412.3990796948172,6204.452783818895) (413.3990796948172,6204.452783818895) (413.3990796948172,6204.329627308158) (414.3990796948172,6204.329627308158) (414.3990796948172,6204.20647079742) (415.3990796948172,6204.20647079742) (415.3990796948172,6204.083314286683) (416.3990796948172,6204.083314286683) (416.3990796948172,6203.960157775946) (417.3990796948172,6203.960157775946) (417.3990796948172,6203.837001265209) (418.3990796948172,6203.837001265209) (418.3990796948172,6203.713844754471) (419.3990796948172,6203.713844754471) (419.3990796948172,6203.590688243734) (420.3990796948172,6203.590688243734) (420.3990796948172,6203.467531732997) (421.3990796948172,6203.467531732997) (421.3990796948172,6203.344375222259) (422.3990796948172,6203.344375222259) (422.3990796948172,6203.221218711522) (423.3990796948172,6203.221218711522) (423.3990796948172,6203.098062200785) (424.3990796948172,6203.098062200785) (424.3990796948172,6202.974905690047) (425.3990796948172,6202.974905690047) (425.3990796948172,6202.85174917931) (426.3990796948172,6202.85174917931) (426.3990796948172,6202.728592668573) (427.3990796948172,6202.728592668573) (427.3990796948172,6202.605436157835) (428.3990796948172,6202.605436157835) (428.3990796948172,6202.482279647098) (429.3990796948172,6202.482279647098) (429.3990796948172,6202.359123136361) (430.3990796948172,6202.359123136361) (430.3990796948172,6202.235966625623) (431.3990796948172,6202.235966625623) (431.3990796948172,6202.112810114886) (432.3990796948172,6202.112810114886) (432.3990796948172,6201.989653604149) (433.3990796948172,6201.989653604149) (433.3990796948172,6201.866497093411) (434.3990796948172,6201.866497093411) (434.3990796948172,6201.743340582674) (435.3990796948172,6201.743340582674) (435.3990796948172,6201.620184071937) (436.3990796948172,6201.620184071937) (436.3990796948172,6201.4970275612) (437.3990796948172,6201.4970275612) (437.3990796948172,6201.373871050462) (438.3990796948172,6201.373871050462) (438.3990796948172,6201.250714539725) (439.3990796948172,6201.250714539725) (439.3990796948172,6201.127558028988) (440.3990796948172,6201.127558028988) (440.3990796948172,6201.00440151825) (441.3990796948172,6201.00440151825) (441.3990796948172,6200.881245007513) (442.3990796948172,6200.881245007513) (442.3990796948172,6200.758088496776) (443.3990796948172,6200.758088496776) (443.3990796948172,6200.634931986038) (444.3990796948172,6200.634931986038) (444.3990796948172,6200.511775475301) (445.3990796948172,6200.511775475301) (445.3990796948172,6200.388618964564) (446.3990796948172,6200.388618964564) (446.3990796948172,6200.265462453826) (447.3990796948172,6200.265462453826) (447.3990796948172,6200.142305943089) (448.3990796948172,6200.142305943089) (448.3990796948172,6200.019149432352) (458.2280568821999,6200.019149432352) (458.2280568821999,6174.01916147603) (462.3686870199168,6174.01916147603) (462.3686870199168,6148.019173519708) (463.3686870199168,6148.019173519708) (463.3686870199168,6122.019185563386) (464.3686870199168,6122.019185563386) (464.3686870199168,6096.019197607064) (465.3686870199168,6096.019197607064) (465.3686870199168,6070.019209650742) (466.3686870199168,6070.019209650742) (466.3686870199168,6044.01922169442) (467.3686870199168,6044.01922169442) (467.3686870199168,6018.019233738098) (468.3686870199168,6018.019233738098) (468.3686870199168,5992.019245781776) (469.3686870199168,5992.019245781776) (469.3686870199168,5966.019257825454) (470.3686870199168,5966.019257825454) (470.3686870199168,5940.019269869132) (471.3686870199168,5940.019269869132) (471.3686870199168,5914.01928191281) (472.3686870199168,5914.01928191281) (472.3686870199168,5888.019293956488) (473.3686870199168,5888.019293956488) (473.3686870199168,5862.019306000166) (474.3686870199168,5862.019306000166) (474.3686870199168,5836.019318043844) (475.3686870199168,5836.019318043844) (475.3686870199168,5810.019330087522) (476.3686870199168,5810.019330087522) (476.3686870199168,5784.0193421312) (477.3686870199168,5784.0193421312) (477.3686870199168,5758.019354174878) (478.3686870199168,5758.019354174878) (478.3686870199168,5732.019366218556) (479.3686870199168,5732.019366218556) (479.3686870199168,5706.019378262234) (480.3686870199168,5706.019378262234) (480.3686870199168,5680.019390305912) (481.3686870199168,5680.019390305912) (481.3686870199168,5654.01940234959) (482.3686870199168,5654.01940234959) (482.3686870199168,5628.019414393268) (483.3686870199168,5628.019414393268) (483.3686870199168,5602.019426436946) (484.3686870199168,5602.019426436946) (484.3686870199168,5576.019438480624) (485.3686870199168,5576.019438480624) (485.3686870199168,5550.019450524302) (486.3686870199168,5550.019450524302) (486.3686870199168,5524.01946256798) (487.3686870199168,5524.01946256798) (487.3686870199168,5498.019474611658) (488.3686870199168,5498.019474611658) (488.3686870199168,5472.019486655336) (489.3686870199168,5472.019486655336) (489.3686870199168,5446.019498699014) (490.3686870199168,5446.019498699014) (490.3686870199168,5420.019510742692) (491.3686870199168,5420.019510742692) (491.3686870199168,5394.01952278637) (492.3686870199168,5394.01952278637) (492.3686870199168,5368.019534830048) (493.3686870199168,5368.019534830048) (493.3686870199168,5342.019546873726) (494.3686870199168,5342.019546873726) (494.3686870199168,5316.019558917404) (495.3686870199168,5316.019558917404) (495.3686870199168,5290.019570961082) (496.3686870199168,5290.019570961082) (496.3686870199168,5264.01958300476) (497.3686870199168,5264.01958300476) (497.3686870199168,5238.019595048438) (498.3686870199168,5238.019595048438) (498.3686870199168,5212.019607092116) (499.3686870199168,5212.019607092116) (499.3686870199168,5186.019619135794) (500.3686870199168,5186.019619135794) (500.3686870199168,5160.019631179472) (501.3686870199168,5160.019631179472) (501.3686870199168,5134.01964322315) (502.3686870199168,5134.01964322315) (502.3686870199168,5108.019655266828) (503.3686870199168,5108.019655266828) (503.3686870199168,5082.019667310506) (504.3686870199168,5082.019667310506) (504.3686870199168,5056.019679354184) (505.3686870199168,5056.019679354184) (505.3686870199168,5030.019691397862) (506.3686870199168,5030.019691397862) (506.3686870199168,5004.01970344154) (507.3686870199168,5004.01970344154) (507.3686870199168,4978.019715485218) (508.3686870199168,4978.019715485218) (508.3686870199168,4952.019727528896) (509.3686870199168,4952.019727528896) (509.3686870199168,4926.019739572574) (510.3686870199168,4926.019739572574) (510.3686870199168,4900.019751616252) (511.3686870199168,4900.019751616252) (511.3686870199168,4874.01976365993) (512.3686870199167,4874.01976365993) (512.3686870199167,4848.019775703608) (513.3686870199167,4848.019775703608) (513.3686870199167,4822.019787747286) (514.3686870199167,4822.019787747286) (514.3686870199167,4796.019799790964) (515.3686870199167,4796.019799790964) (515.3686870199167,4770.019811834642) (516.3686870199167,4770.019811834642) (516.3686870199167,4744.01982387832) (517.3686870199167,4744.01982387832) (517.3686870199167,4718.019835921998) (518.3686870199167,4718.019835921998) (518.3686870199167,4692.019847965676) (519.3686870199167,4692.019847965676) (519.3686870199167,4666.019860009354) (520.3686870199167,4666.019860009354) (520.3686870199167,4640.019872053032) (521.3686870199167,4640.019872053032) (521.3686870199167,4614.01988409671) (522.3686870199167,4614.01988409671) (522.3686870199167,4588.019896140388) (523.3686870199167,4588.019896140388) (523.3686870199167,4562.019908184066) (524.3686870199167,4562.019908184066) (524.3686870199167,4536.019920227744) (525.3686870199167,4536.019920227744) (525.3686870199167,4510.019932271422) (526.3686870199167,4510.019932271422) (526.3686870199167,4484.0199443151) (527.3686870199167,4484.0199443151) (527.3686870199167,4458.019956358778) (528.3686870199167,4458.019956358778) (528.3686870199167,4432.019968402456) (529.3686870199167,4432.019968402456) (529.3686870199167,4406.019980446134) (530.3686870199167,4406.019980446134) (530.3686870199167,4380.019992489812) (531.3686870199167,4380.019992489812) (531.3686870199167,4354.02000453349) (532.3686870199167,4354.02000453349) (532.3686870199167,4328.020016577168) (533.3686870199167,4328.020016577168) (533.3686870199167,4302.020028620846) (534.3686870199167,4302.020028620846) (534.3686870199167,4276.020040664524) (535.3686870199167,4276.020040664524) (535.3686870199167,4250.020052708202) (536.3686870199167,4250.020052708202) (536.3686870199167,4224.02006475188) (537.3686870199167,4224.02006475188) (537.3686870199167,4198.020076795558) (538.3686870199167,4198.020076795558) (538.3686870199167,4172.020088839236) (539.3686870199167,4172.020088839236) (539.3686870199167,4146.020100882914) (540.3686870199167,4146.020100882914) (540.3686870199167,4120.020112926592) (541.3686870199167,4120.020112926592) (541.3686870199167,4094.020124970269) (542.3686870199167,4094.020124970269) (542.3686870199167,4068.020137013947) (543.3686870199167,4068.020137013947) (543.3686870199167,4042.020149057624) (544.3686870199167,4042.020149057624) (544.3686870199167,4016.020161101302) (545.3686870199167,4016.020161101302) (545.3686870199167,3990.020173144979) (546.3686870199167,3990.020173144979) (546.3686870199167,3964.020185188657) (547.3686870199167,3964.020185188657) (547.3686870199167,3938.020197232334) (548.3686870199167,3938.020197232334) (548.3686870199167,3912.020209276012) (549.3686870199167,3912.020209276012) (549.3686870199167,3886.020221319689) (550.3686870199167,3886.020221319689) (550.3686870199167,3860.020233363367) (551.3686870199167,3860.020233363367) (551.3686870199167,3834.020245407045) (552.3686870199167,3834.020245407045) (552.3686870199167,3808.020257450722) (553.3686870199167,3808.020257450722) (553.3686870199167,3782.0202694944) (554.3686870199167,3782.0202694944) (554.3686870199167,3756.020281538077) (555.3686870199167,3756.020281538077) (555.3686870199167,3730.020293581755) (556.3686870199167,3730.020293581755) (556.3686870199167,3704.020305625432) (557.3686870199167,3704.020305625432) (557.3686870199167,3678.02031766911) (558.3686870199167,3678.02031766911) (558.3686870199167,3652.020329712787) (559.3686870199167,3652.020329712787) (559.3686870199167,3626.020341756465) (560.3686870199167,3626.020341756465) (560.3686870199167,3600.020353800142) (561.3686870199167,3600.020353800142) (561.3686870199167,3574.02036584382) (562.3686870199167,3574.02036584382) (562.3686870199167,3548.020377887497) (563.3686870199167,3548.020377887497) (563.3686870199167,3522.020389931175) (564.3686870199167,3522.020389931175) (564.3686870199167,3496.020401974853) (565.3686870199167,3496.020401974853) (565.3686870199167,3470.02041401853) (566.3686870199167,3470.02041401853) (566.3686870199167,3444.020426062208) (567.3686870199167,3444.020426062208) (567.3686870199167,3418.020438105885) (568.3686870199167,3418.020438105885) (568.3686870199167,3392.020450149563) (569.3686870199167,3392.020450149563) (569.3686870199167,3366.02046219324) (570.3686870199167,3366.02046219324) (570.3686870199167,3340.020474236918) (571.3686870199167,3340.020474236918) (571.3686870199167,3314.020486280595) (572.3686870199167,3314.020486280595) (572.3686870199167,3288.020498324273) (573.3686870199167,3288.020498324273) (573.3686870199167,3262.02051036795) (574.3686870199167,3262.02051036795) (574.3686870199167,3236.020522411628) (575.3686870199167,3236.020522411628) (575.3686870199167,3210.020534455306) (576.3686870199167,3210.020534455306) (576.3686870199167,3184.020546498983) (577.3686870199167,3184.020546498983) (577.3686870199167,3158.020558542661) (578.3686870199167,3158.020558542661) (578.3686870199167,3132.020570586338) (579.3686870199167,3132.020570586338) (579.3686870199167,3106.020582630016) (580.3686870199167,3106.020582630016) (580.3686870199167,3080.020594673693) (581.3686870199167,3080.020594673693) (581.3686870199167,3054.020606717371) (582.3686870199167,3054.020606717371) (582.3686870199167,3028.020618761048) (583.3686870199167,3028.020618761048) (583.3686870199167,3002.020630804726) (584.3686870199167,3002.020630804726) (584.3686870199167,2976.020642848403) (585.3686870199167,2976.020642848403) (585.3686870199167,2950.020654892081) (586.3686870199167,2950.020654892081) (586.3686870199167,2924.020666935759) (587.3686870199167,2924.020666935759) (587.3686870199167,2898.020678979436) (588.3686870199167,2898.020678979436) (588.3686870199167,2872.020691023114) (589.3686870199167,2872.020691023114) (589.3686870199167,2846.020703066791) (590.3686870199167,2846.020703066791) (590.3686870199167,2820.020715110469) (591.3686870199167,2820.020715110469) (591.3686870199167,2794.020727154146) (592.3686870199167,2794.020727154146) (592.3686870199167,2768.020739197824) (593.3686870199167,2768.020739197824) (593.3686870199167,2742.020751241501) (594.3686870199167,2742.020751241501) (594.3686870199167,2716.020763285179) (595.3686870199167,2716.020763285179) (595.3686870199167,2690.020775328856) (596.3686870199167,2690.020775328856) (596.3686870199167,2664.020787372534) (597.3686870199167,2664.020787372534) (597.3686870199167,2638.020799416212) (598.3686870199167,2638.020799416212) (598.3686870199167,2612.020811459889) (599.3686870199167,2612.020811459889) (599.3686870199167,2586.020823503567) (600.3686870199167,2586.020823503567) (600.3686870199167,2560.020835547244) (601.3686870199167,2560.020835547244) (601.3686870199167,2534.020847590922) (602.3686870199167,2534.020847590922) (602.3686870199167,2508.020859634599) (603.3686870199167,2508.020859634599) (603.3686870199167,2482.020871678277) (604.3686870199167,2482.020871678277) (604.3686870199167,2456.020883721954) (605.3686870199167,2456.020883721954) (605.3686870199167,2430.020895765632) (606.3686870199167,2430.020895765632) (606.3686870199167,2404.020907809309) (607.3686870199167,2404.020907809309) (607.3686870199167,2378.020919852987) (608.3686870199167,2378.020919852987) (608.3686870199167,2352.020931896664) (609.3686870199167,2352.020931896664) (609.3686870199167,2326.020943940342) (610.3686870199167,2326.020943940342) (610.3686870199167,2300.02095598402) (611.3686870199167,2300.02095598402) (611.3686870199167,2274.020968027697) (612.3686870199167,2274.020968027697) (612.3686870199167,2248.020980071375) (613.3686870199167,2248.020980071375) (613.3686870199167,2222.020992115052) (614.3686870199167,2222.020992115052) (614.3686870199167,2196.02100415873) (615.3686870199167,2196.02100415873) (615.3686870199167,2170.021016202407) (616.3686870199167,2170.021016202407) (616.3686870199167,2144.021028246085) (617.3686870199167,2144.021028246085) (617.3686870199167,2118.021040289762) (618.3686870199167,2118.021040289762) (618.3686870199167,2092.02105233344) (619.3686870199167,2092.02105233344) (619.3686870199167,2066.021064377117) (620.3686870199167,2066.021064377117) (620.3686870199167,2040.021076420795) (621.3686870199167,2040.021076420795) (621.3686870199167,2014.021088464473) (622.3686870199167,2014.021088464473) (622.3686870199167,2000) (700,2000)
robPositionY[1]:
[0]: (0,0) (0,3900) (227.343997478741,3900) (227.343997478741,3874.66582891194) (228.343997478741,3874.66582891194) (228.343997478741,3849.33165782388) (229.343997478741,3849.33165782388) (229.343997478741,3823.99748673582) (230.343997478741,3823.99748673582) (230.343997478741,3798.66331564776) (231.343997478741,3798.66331564776) (231.343997478741,3773.3291445597) (232.343997478741,3773.3291445597) (232.343997478741,3747.99497347164) (233.343997478741,3747.99497347164) (233.343997478741,3722.66080238358) (234.343997478741,3722.66080238358) (234.343997478741,3697.32663129552) (235.343997478741,3697.32663129552) (235.343997478741,3671.99246020746) (236.343997478741,3671.99246020746) (236.343997478741,3646.6582891194) (237.343997478741,3646.6582891194) (237.343997478741,3621.32411803134) (238.343997478741,3621.32411803134) (238.343997478741,3595.98994694328) (239.343997478741,3595.98994694328) (239.343997478741,3570.65577585522) (240.343997478741,3570.65577585522) (240.343997478741,3545.32160476716) (241.343997478741,3545.32160476716) (241.343997478741,3519.9874336791) (242.343997478741,3519.9874336791) (242.343997478741,3494.65326259104) (243.343997478741,3494.65326259104) (243.343997478741,3469.31909150298) (244.343997478741,3469.31909150298) (244.343997478741,3443.98492041492) (245.343997478741,3443.98492041492) (245.343997478741,3418.65074932686) (246.343997478741,3418.65074932686) (246.343997478741,3393.316578238801) (247.343997478741,3393.316578238801) (247.343997478741,3367.982407150741) (248.343997478741,3367.982407150741) (248.343997478741,3342.648236062681) (249.343997478741,3342.648236062681) (249.343997478741,3317.314064974621) (250.343997478741,3317.314064974621) (250.343997478741,3291.979893886561) (251.343997478741,3291.979893886561) (251.343997478741,3266.645722798501) (258.8843587331752,3266.645722798501) (258.8843587331752,3291.979893887086) (261.6819539079343,3291.979893887086) (261.6819539079343,3317.314064975671) (262.6819539079343,3317.314064975671) (262.6819539079343,3342.648236064256) (263.6819539079343,3342.648236064256) (263.6819539079343,3367.982407152841) (264.6819539079343,3367.982407152841) (264.6819539079343,3393.316578241427) (265.6819539079343,3393.316578241427) (265.6819539079343,3418.650749330012) (266.6819539079343,3418.650749330012) (266.6819539079343,3443.984920418597) (267.6819539079343,3443.984920418597) (267.6819539079343,3469.319091507182) (268.6819539079343,3469.319091507182) (268.6819539079343,3494.653262595768) (269.6819539079343,3494.653262595768) (269.6819539079343,3519.987433684353) (270.6819539079343,3519.987433684353) (270.6819539079343,3545.321604772938) (271.6819539079343,3545.321604772938) (271.6819539079343,3570.655775861523) (272.6819539079343,3570.655775861523) (272.6819539079343,3595.989946950108) (273.6819539079343,3595.989946950108) (273.6819539079343,3621.324118038694) (274.6819539079343,3621.324118038694) (274.6819539079343,3646.658289127279) (275.6819539079343,3646.658289127279) (275.6819539079343,3671.992460215864) (276.6819539079343,3671.992460215864) (276.6819539079343,3697.326631304449) (277.6819539079343,3697.326631304449) (277.6819539079343,3722.660802393034) (278.6819539079343,3722.660802393034) (278.6819539079343,3747.99497348162) (279.6819539079343,3747.99497348162) (279.6819539079343,3773.329144570205) (280.6819539079343,3773.329144570205) (280.6819539079343,3798.66331565879) (281.6819539079343,3798.66331565879) (281.6819539079343,3823.997486747375) (282.6819539079343,3823.997486747375) (282.6819539079343,3849.33165783596) (283.6819539079343,3849.33165783596) (283.6819539079343,3874.665828924546) (284.6819539079343,3874.665828924546) (284.6819539079343,3900) (288.8235465614342,3900) (288.8235465614342,3899.999999997665) (289.8235465614342,3899.999999997665) (289.8235465614342,3899.999999995331) (290.8235465614342,3899.999999995331) (290.8235465614342,3899.999999992996) (291.8235465614342,3899.999999992996) (291.8235465614342,3899.999999990661) (292.8235465614342,3899.999999990661) (292.8235465614342,3899.999999988327) (293.8235465614342,3899.999999988327) (293.8235465614342,3899.999999985992) (294.8235465614342,3899.999999985992) (294.8235465614342,3899.999999983657) (301.8235465614342,3899.999999983657) (301.8235465614342,3874.000291668488) (304.3990796948172,3874.000291668488) (304.3990796948172,3848.00058335332) (305.3990796948172,3848.00058335332) (305.3990796948172,3822.000875038151) (306.3990796948172,3822.000875038151) (306.3990796948172,3796.001166722982) (307.3990796948172,3796.001166722982) (307.3990796948172,3770.001458407813) (308.3990796948172,3770.001458407813) (308.3990796948172,3744.001750092644) (309.3990796948172,3744.001750092644) (309.3990796948172,3718.002041777475) (310.3990796948172,3718.002041777475) (310.3990796948172,3692.002333462307) (311.3990796948172,3692.002333462307) (311.3990796948172,3666.002625147138) (312.3990796948172,3666.002625147138) (312.3990796948172,3640.002916831969) (313.3990796948172,3640.002916831969) (313.3990796948172,3614.0032085168) (314.3990796948172,3614.0032085168) (314.3990796948172,3588.003500201631) (315.3990796948172,3588.003500201631) (315.3990796948172,3562.003791886462) (316.3990796948172,3562.003791886462) (316.3990796948172,3536.004083571293) (317.3990796948172,3536.004083571293) (317.3990796948172,3510.004375256125) (318.3990796948172,3510.004375256125) (318.3990796948172,3484.004666940956) (319.3990796948172,3484.004666940956) (319.3990796948172,3458.004958625787) (320.3990796948172,3458.004958625787) (320.3990796948172,3432.005250310618) (321.3990796948172,3432.005250310618) (321.3990796948172,3406.005541995449) (322.3990796948172,3406.005541995449) (322.3990796948172,3380.00583368028) (323.3990796948172,3380.00583368028) (323.3990796948172,3354.006125365112) (324.3990796948172,3354.006125365112) (324.3990796948172,3328.006417049943) (325.3990796948172,3328.006417049943) (325.3990796948172,3302.006708734774) (326.3990796948172,3302.006708734774) (326.3990796948172,3276.007000419605) (327.3990796948172,3276.007000419605) (327.3990796948172,3250.007292104436) (328.3990796948172,3250.007292104436) (328.3990796948172,3224.007583789267) (329.3990796948172,3224.007583789267) (329.3990796948172,3198.007875474098) (330.3990796948172,3198.007875474098) (330.3990796948172,3172.00816715893) (331.3990796948172,3172.00816715893) (331.3990796948172,3146.008458843761) (332.3990796948172,3146.008458843761) (332.3990796948172,3120.008750528592) (333.3990796948172,3120.008750528592) (333.3990796948172,3094.009042213423) (334.3990796948172,3094.009042213423) (334.3990796948172,3068.009333898254) (335.3990796948172,3068.009333898254) (335.3990796948172,3042.009625583085) (336.3990796948172,3042.009625583085) (336.3990796948172,3016.009917267917) (337.3990796948172,3016.009917267917) (337.3990796948172,2990.010208952748) (338.3990796948172,2990.010208952748) (338.3990796948172,2964.010500637579) (339.3990796948172,2964.010500637579) (339.3990796948172,2938.01079232241) (340.3990796948172,2938.01079232241) (340.3990796948172,2912.011084007241) (341.3990796948172,2912.011084007241) (341.3990796948172,2886.011375692072) (342.3990796948172,2886.011375692072) (342.3990796948172,2860.011667376903) (343.3990796948172,2860.011667376903) (343.3990796948172,2834.011959061735) (344.3990796948172,2834.011959061735) (344.3990796948172,2808.012250746566) (345.3990796948172,2808.012250746566) (345.3990796948172,2782.012542431397) (346.3990796948172,2782.012542431397) (346.3990796948172,2756.012834116228) (347.3990796948172,2756.012834116228) (347.3990796948172,2730.013125801059) (348.3990796948172,2730.013125801059) (348.3990796948172,2704.01341748589) (349.3990796948172,2704.01341748589) (349.3990796948172,2678.013709170722) (350.3990796948172,2678.013709170722) (350.3990796948172,2652.014000855553) (351.3990796948172,2652.014000855553) (351.3990796948172,2626.014292540384) (352.3990796948172,2626.014292540384) (352.3990796948172,2600.014584225215) (353.3990796948172,2600.014584225215) (353.3990796948172,2574.014875910046) (354.3990796948172,2574.014875910046) (354.3990796948172,2548.015167594877) (355.3990796948172,2548.015167594877) (355.3990796948172,2522.015459279708) (356.3990796948172,2522.015459279708) (356.3990796948172,2496.01575096454) (357.3990796948172,2496.01575096454) (357.3990796948172,2470.016042649371) (358.3990796948172,2470.016042649371) (358.3990796948172,2444.016334334202) (359.3990796948172,2444.016334334202) (359.3990796948172,2418.016626019033) (360.3990796948172,2418.016626019033) (360.3990796948172,2392.016917703864) (361.3990796948172,2392.016917703864) (361.3990796948172,2366.017209388695) (362.3990796948172,2366.017209388695) (362.3990796948172,2340.017501073527) (363.3990796948172,2340.017501073527) (363.3990796948172,2314.017792758358) (364.3990796948172,2314.017792758358) (364.3990796948172,2288.018084443189) (365.3990796948172,2288.018084443189) (365.3990796948172,2262.01837612802) (366.3990796948172,2262.01837612802) (366.3990796948172,2236.018667812851) (367.3990796948172,2236.018667812851) (367.3990796948172,2210.018959497682) (368.3990796948172,2210.018959497682) (368.3990796948172,2184.019251182513) (369.3990796948172,2184.019251182513) (369.3990796948172,2158.019542867345) (370.3990796948172,2158.019542867345) (370.3990796948172,2132.019834552176) (371.3990796948172,2132.019834552176) (371.3990796948172,2106.020126237007) (372.3990796948172,2106.020126237007) (372.3990796948172,2080.020417921838) (373.3990796948172,2080.020417921838) (373.3990796948172,2054.020709606669) (374.3990796948172,2054.020709606669) (374.3990796948172,2028.0210012915) (375.3990796948172,2028.0210012915) (375.3990796948172,2002.021292976332) (376.3990796948172,2002.021292976332) (376.3990796948172,1976.021584661163) (377.3990796948172,1976.021584661163) (377.3990796948172,1950.021876345994) (378.3990796948172,1950.021876345994) (378.3990796948172,1924.022168030825) (379.3990796948172,1924.022168030825) (379.3990796948172,1898.022459715656) (380.3990796948172,1898.022459715656) (380.3990796948172,1872.022751400487) (381.3990796948172,1872.022751400487) (381.3990796948172,1846.023043085318) (382.3990796948172,1846.023043085318) (382.3990796948172,1820.02333477015) (383.3990796948172,1820.02333477015) (383.3990796948172,1794.023626454981) (384.3990796948172,1794.023626454981) (384.3990796948172,1768.023918139812) (385.3990796948172,1768.023918139812) (385.3990796948172,1742.024209824643) (386.3990796948172,1742.024209824643) (386.3990796948172,1716.024501509474) (387.3990796948172,1716.024501509474) (387.3990796948172,1690.024793194305) (388.3990796948172,1690.024793194305) (388.3990796948172,1664.025084879137) (389.3990796948172,1664.025084879137) (389.3990796948172,1638.025376563968) (390.3990796948172,1638.025376563968) (390.3990796948172,1612.025668248799) (391.3990796948172,1612.025668248799) (391.3990796948172,1586.02595993363) (392.3990796948172,1586.02595993363) (392.3990796948172,1560.026251618461) (393.3990796948172,1560.026251618461) (393.3990796948172,1534.026543303292) (394.3990796948172,1534.026543303292) (394.3990796948172,1508.026834988123) (395.3990796948172,1508.026834988123) (395.3990796948172,1482.027126672955) (396.3990796948172,1482.027126672955) (396.3990796948172,1456.027418357786) (397.3990796948172,1456.027418357786) (397.3990796948172,1430.027710042617) (398.3990796948172,1430.027710042617) (398.3990796948172,1404.028001727448) (399.3990796948172,1404.028001727448) (399.3990796948172,1378.028293412279) (400.3990796948172,1378.028293412279) (400.3990796948172,1352.02858509711) (401.3990796948172,1352.02858509711) (401.3990796948172,1326.028876781942) (402.3990796948172,1326.028876781942) (402.3990796948172,1300.029168466773) (403.3990796948172,1300.029168466773) (403.3990796948172,1274.029460151604) (404.3990796948172,1274.029460151604) (404.3990796948172,1248.029751836435) (405.3990796948172,1248.029751836435) (405.3990796948172,1222.030043521266) (406.3990796948172,1222.030043521266) (406.3990796948172,1196.030335206097) (407.3990796948172,1196.030335206097) (407.3990796948172,1170.030626890928) (408.3990796948172,1170.030626890928) (408.3990796948172,1144.03091857576) (409.3990796948172,1144.03091857576) (409.3990796948172,1118.031210260591) (410.3990796948172,1118.031210260591) (410.3990796948172,1092.031501945422) (411.3990796948172,1092.031501945422) (411.3990796948172,1066.031793630253) (412.3990796948172,1066.031793630253) (412.3990796948172,1040.032085315084) (413.3990796948172,1040.032085315084) (413.3990796948172,1014.032376999915) (414.3990796948172,1014.032376999915) (414.3990796948172,988.0326686847466) (415.3990796948172,988.0326686847466) (415.3990796948172,962.0329603695777) (416.3990796948172,962.0329603695777) (416.3990796948172,936.0332520544089) (417.3990796948172,936.0332520544089) (417.3990796948172,910.03354373924) (418.3990796948172,910.03354373924) (418.3990796948172,884.0338354240712) (419.3990796948172,884.0338354240712) (419.3990796948172,858.0341271089023) (420.3990796948172,858.0341271089023) (420.3990796948172,832.0344187937335) (421.3990796948172,832.0344187937335) (421.3990796948172,806.0347104785646) (422.3990796948172,806.0347104785646) (422.3990796948172,780.0350021633958) (423.3990796948172,780.0350021633958) (423.3990796948172,754.035293848227) (424.3990796948172,754.035293848227) (424.3990796948172,728.0355855330581) (425.3990796948172,728.0355855330581) (425.3990796948172,702.0358772178893) (426.3990796948172,702.0358772178893) (426.3990796948172,676.0361689027204) (427.3990796948172,676.0361689027204) (427.3990796948172,650.0364605875516) (428.3990796948172,650.0364605875516) (428.3990796948172,624.0367522723827) (429.3990796948172,624.0367522723827) (429.3990796948172,598.0370439572139) (430.3990796948172,598.0370439572139) (430.3990796948172,572.037335642045) (431.3990796948172,572.037335642045) (431.3990796948172,546.0376273268762) (432.3990796948172,546.0376273268762) (432.3990796948172,520.0379190117073) (433.3990796948172,520.0379190117073) (433.3990796948172,494.0382106965384) (434.3990796948172,494.0382106965384) (434.3990796948172,468.0385023813695) (435.3990796948172,468.0385023813695) (435.3990796948172,442.0387940662006) (436.3990796948172,442.0387940662006) (436.3990796948172,416.0390857510317) (437.3990796948172,416.0390857510317) (437.3990796948172,390.0393774358628) (438.3990796948172,390.0393774358628) (438.3990796948172,364.0396691206939) (439.3990796948172,364.0396691206939) (439.3990796948172,338.039960805525) (440.3990796948172,338.039960805525) (440.3990796948172,312.0402524903561) (441.3990796948172,312.0402524903561) (441.3990796948172,286.0405441751872) (442.3990796948172,286.0405441751872) (442.3990796948172,260.0408358600183) (443.3990796948172,260.0408358600183) (443.3990796948172,234.0411275448494) (444.3990796948172,234.0411275448494) (444.3990796948172,208.0414192296805) (445.3990796948172,208.0414192296805) (445.3990796948172,182.0417109145116) (446.3990796948172,182.0417109145116) (446.3990796948172,156.0420025993427) (447.3990796948172,156.0420025993427) (447.3990796948172,130.0422942841738) (448.3990796948172,130.0422942841738) (448.3990796948172,104.0425859690049) (458.2280568821999,104.0425859690049) (458.2280568821999,104.0175605601731) (462.3686870199168,104.0175605601731) (462.3686870199168,103.9925351513412) (463.3686870199168,103.9925351513412) (463.3686870199168,103.9675097425094) (464.3686870199168,103.9675097425094) (464.3686870199168,103.9424843336776) (465.3686870199168,103.9424843336776) (465.3686870199168,103.9174589248457) (466.3686870199168,103.9174589248457) (466.3686870199168,103.8924335160139) (467.3686870199168,103.8924335160139) (467.3686870199168,103.867408107182) (468.3686870199168,103.867408107182) (468.3686870199168,103.8423826983502) (469.3686870199168,103.8423826983502) (469.3686870199168,103.8173572895184) (470.3686870199168,103.8173572895184) (470.3686870199168,103.7923318806865) (471.3686870199168,103.7923318806865) (471.3686870199168,103.7673064718547) (472.3686870199168,103.7673064718547) (472.3686870199168,103.7422810630229) (473.3686870199168,103.7422810630229) (473.3686870199168,103.717255654191) (474.3686870199168,103.717255654191) (474.3686870199168,103.6922302453592) (475.3686870199168,103.6922302453592) (475.3686870199168,103.6672048365273) (476.3686870199168,103.6672048365273) (476.3686870199168,103.6421794276955) (477.3686870199168,103.6421794276955) (477.3686870199168,103.6171540188637) (478.3686870199168,103.6171540188637) (478.3686870199168,103.5921286100318) (479.3686870199168,103.5921286100318) (479.3686870199168,103.5671032012) (480.3686870199168,103.5671032012) (480.3686870199168,103.5420777923682) (481.3686870199168,103.5420777923682) (481.3686870199168,103.5170523835363) (482.3686870199168,103.5170523835363) (482.3686870199168,103.4920269747045) (483.3686870199168,103.4920269747045) (483.3686870199168,103.4670015658726) (484.3686870199168,103.4670015658726) (484.3686870199168,103.4419761570408) (485.3686870199168,103.4419761570408) (485.3686870199168,103.416950748209) (486.3686870199168,103.416950748209) (486.3686870199168,103.3919253393771) (487.3686870199168,103.3919253393771) (487.3686870199168,103.3668999305453) (488.3686870199168,103.3668999305453) (488.3686870199168,103.3418745217135) (489.3686870199168,103.3418745217135) (489.3686870199168,103.3168491128816) (490.3686870199168,103.3168491128816) (490.3686870199168,103.2918237040498) (491.3686870199168,103.2918237040498) (491.3686870199168,103.266798295218) (492.3686870199168,103.266798295218) (492.3686870199168,103.2417728863861) (493.3686870199168,103.2417728863861) (493.3686870199168,103.2167474775543) (494.3686870199168,103.2167474775543) (494.3686870199168,103.1917220687224) (495.3686870199168,103.1917220687224) (495.3686870199168,103.1666966598906) (496.3686870199168,103.1666966598906) (496.3686870199168,103.1416712510588) (497.3686870199168,103.1416712510588) (497.3686870199168,103.1166458422269) (498.3686870199168,103.1166458422269) (498.3686870199168,103.0916204333951) (499.3686870199168,103.0916204333951) (499.3686870199168,103.0665950245633) (500.3686870199168,103.0665950245633) (500.3686870199168,103.0415696157314) (501.3686870199168,103.0415696157314) (501.3686870199168,103.0165442068996) (502.3686870199168,103.0165442068996) (502.3686870199168,102.9915187980677) (503.3686870199168,102.9915187980677) (503.3686870199168,102.9664933892359) (504.3686870199168,102.9664933892359) (504.3686870199168,102.9414679804041) (505.3686870199168,102.9414679804041) (505.3686870199168,102.9164425715722) (506.3686870199168,102.9164425715722) (506.3686870199168,102.8914171627404) (507.3686870199168,102.8914171627404) (507.3686870199168,102.8663917539086) (508.3686870199168,102.8663917539086) (508.3686870199168,102.8413663450767) (509.3686870199168,102.8413663450767) (509.3686870199168,102.8163409362449) (510.3686870199168,102.8163409362449) (510.3686870199168,102.791315527413) (511.3686870199168,102.791315527413) (511.3686870199168,102.7662901185812) (512.3686870199167,102.7662901185812) (512.3686870199167,102.7412647097494) (513.3686870199167,102.7412647097494) (513.3686870199167,102.7162393009175) (514.3686870199167,102.7162393009175) (514.3686870199167,102.6912138920857) (515.3686870199167,102.6912138920857) (515.3686870199167,102.6661884832539) (516.3686870199167,102.6661884832539) (516.3686870199167,102.641163074422) (517.3686870199167,102.641163074422) (517.3686870199167,102.6161376655902) (518.3686870199167,102.6161376655902) (518.3686870199167,102.5911122567584) (519.3686870199167,102.5911122567584) (519.3686870199167,102.5660868479265) (520.3686870199167,102.5660868479265) (520.3686870199167,102.5410614390947) (521.3686870199167,102.5410614390947) (521.3686870199167,102.5160360302628) (522.3686870199167,102.5160360302628) (522.3686870199167,102.491010621431) (523.3686870199167,102.491010621431) (523.3686870199167,102.4659852125992) (524.3686870199167,102.4659852125992) (524.3686870199167,102.4409598037673) (525.3686870199167,102.4409598037673) (525.3686870199167,102.4159343949355) (526.3686870199167,102.4159343949355) (526.3686870199167,102.3909089861037) (527.3686870199167,102.3909089861037) (527.3686870199167,102.3658835772718) (528.3686870199167,102.3658835772718) (528.3686870199167,102.34085816844) (529.3686870199167,102.34085816844) (529.3686870199167,102.3158327596081) (530.3686870199167,102.3158327596081) (530.3686870199167,102.2908073507763) (531.3686870199167,102.2908073507763) (531.3686870199167,102.2657819419445) (532.3686870199167,102.2657819419445) (532.3686870199167,102.2407565331126) (533.3686870199167,102.2407565331126) (533.3686870199167,102.2157311242808) (534.3686870199167,102.2157311242808) (534.3686870199167,102.190705715449) (535.3686870199167,102.190705715449) (535.3686870199167,102.1656803066171) (536.3686870199167,102.1656803066171) (536.3686870199167,102.1406548977853) (537.3686870199167,102.1406548977853) (537.3686870199167,102.1156294889534) (538.3686870199167,102.1156294889534) (538.3686870199167,102.0906040801216) (539.3686870199167,102.0906040801216) (539.3686870199167,102.0655786712898) (540.3686870199167,102.0655786712898) (540.3686870199167,102.0405532624579) (541.3686870199167,102.0405532624579) (541.3686870199167,102.0155278536261) (542.3686870199167,102.0155278536261) (542.3686870199167,101.9905024447943) (543.3686870199167,101.9905024447943) (543.3686870199167,101.9654770359624) (544.3686870199167,101.9654770359624) (544.3686870199167,101.9404516271306) (545.3686870199167,101.9404516271306) (545.3686870199167,101.9154262182987) (546.3686870199167,101.9154262182987) (546.3686870199167,101.8904008094669) (547.3686870199167,101.8904008094669) (547.3686870199167,101.8653754006351) (548.3686870199167,101.8653754006351) (548.3686870199167,101.8403499918032) (549.3686870199167,101.8403499918032) (549.3686870199167,101.8153245829714) (550.3686870199167,101.8153245829714) (550.3686870199167,101.7902991741396) (551.3686870199167,101.7902991741396) (551.3686870199167,101.7652737653077) (552.3686870199167,101.7652737653077) (552.3686870199167,101.7402483564759) (553.3686870199167,101.7402483564759) (553.3686870199167,101.7152229476441) (554.3686870199167,101.7152229476441) (554.3686870199167,101.6901975388122) (555.3686870199167,101.6901975388122) (555.3686870199167,101.6651721299804) (556.3686870199167,101.6651721299804) (556.3686870199167,101.6401467211485) (557.3686870199167,101.6401467211485) (557.3686870199167,101.6151213123167) (558.3686870199167,101.6151213123167) (558.3686870199167,101.5900959034849) (559.3686870199167,101.5900959034849) (559.3686870199167,101.565070494653) (560.3686870199167,101.565070494653) (560.3686870199167,101.5400450858212) (561.3686870199167,101.5400450858212) (561.3686870199167,101.5150196769894) (562.3686870199167,101.5150196769894) (562.3686870199167,101.4899942681575) (563.3686870199167,101.4899942681575) (563.3686870199167,101.4649688593257) (564.3686870199167,101.4649688593257) (564.3686870199167,101.4399434504938) (565.3686870199167,101.4399434504938) (565.3686870199167,101.414918041662) (566.3686870199167,101.414918041662) (566.3686870199167,101.3898926328302) (567.3686870199167,101.3898926328302) (567.3686870199167,101.3648672239983) (568.3686870199167,101.3648672239983) (568.3686870199167,101.3398418151665) (569.3686870199167,101.3398418151665) (569.3686870199167,101.3148164063347) (570.3686870199167,101.3148164063347) (570.3686870199167,101.2897909975028) (571.3686870199167,101.2897909975028) (571.3686870199167,101.264765588671) (572.3686870199167,101.264765588671) (572.3686870199167,101.2397401798391) (573.3686870199167,101.2397401798391) (573.3686870199167,101.2147147710073) (574.3686870199167,101.2147147710073) (574.3686870199167,101.1896893621755) (575.3686870199167,101.1896893621755) (575.3686870199167,101.1646639533436) (576.3686870199167,101.1646639533436) (576.3686870199167,101.1396385445118) (577.3686870199167,101.1396385445118) (577.3686870199167,101.11461313568) (578.3686870199167,101.11461313568) (578.3686870199167,101.0895877268481) (579.3686870199167,101.0895877268481) (579.3686870199167,101.0645623180163) (580.3686870199167,101.0645623180163) (580.3686870199167,101.0395369091844) (581.3686870199167,101.0395369091844) (581.3686870199167,101.0145115003526) (582.3686870199167,101.0145115003526) (582.3686870199167,100.9894860915208) (583.3686870199167,100.9894860915208) (583.3686870199167,100.9644606826889) (584.3686870199167,100.9644606826889) (584.3686870199167,100.9394352738571) (585.3686870199167,100.9394352738571) (585.3686870199167,100.9144098650253) (586.3686870199167,100.9144098650253) (586.3686870199167,100.8893844561934) (587.3686870199167,100.8893844561934) (587.3686870199167,100.8643590473616) (588.3686870199167,100.8643590473616) (588.3686870199167,100.8393336385298) (589.3686870199167,100.8393336385298) (589.3686870199167,100.8143082296979) (590.3686870199167,100.8143082296979) (590.3686870199167,100.7892828208661) (591.3686870199167,100.7892828208661) (591.3686870199167,100.7642574120342) (592.3686870199167,100.7642574120342) (592.3686870199167,100.7392320032024) (593.3686870199167,100.7392320032024) (593.3686870199167,100.7142065943706) (594.3686870199167,100.7142065943706) (594.3686870199167,100.6891811855387) (595.3686870199167,100.6891811855387) (595.3686870199167,100.6641557767069) (596.3686870199167,100.6641557767069) (596.3686870199167,100.6391303678751) (597.3686870199167,100.6391303678751) (597.3686870199167,100.6141049590432) (598.3686870199167,100.6141049590432) (598.3686870199167,100.5890795502114) (599.3686870199167,100.5890795502114) (599.3686870199167,100.5640541413795) (600.3686870199167,100.5640541413795) (600.3686870199167,100.5390287325477) (601.3686870199167,100.5390287325477) (601.3686870199167,100.5140033237159) (602.3686870199167,100.5140033237159) (602.3686870199167,100.488977914884) (603.3686870199167,100.488977914884) (603.3686870199167,100.4639525060522) (604.3686870199167,100.4639525060522) (604.3686870199167,100.4389270972204) (605.3686870199167,100.4389270972204) (605.3686870199167,100.4139016883885) (606.3686870199167,100.4139016883885) (606.3686870199167,100.3888762795567) (607.3686870199167,100.3888762795567) (607.3686870199167,100.3638508707248) (608.3686870199167,100.3638508707248) (608.3686870199167,100.338825461893) (609.3686870199167,100.338825461893) (609.3686870199167,100.3138000530612) (610.3686870199167,100.3138000530612) (610.3686870199167,100.2887746442293) (611.3686870199167,100.2887746442293) (611.3686870199167,100.2637492353975) (612.3686870199167,100.2637492353975) (612.3686870199167,100.2387238265657) (613.3686870199167,100.2387238265657) (613.3686870199167,100.2136984177338) (614.3686870199167,100.2136984177338) (614.3686870199167,100.188673008902) (615.3686870199167,100.188673008902) (615.3686870199167,100.1636476000701) (616.3686870199167,100.1636476000701) (616.3686870199167,100.1386221912383) (617.3686870199167,100.1386221912383) (617.3686870199167,100.1135967824065) (618.3686870199167,100.1135967824065) (618.3686870199167,100.0885713735746) (619.3686870199167,100.0885713735746) (619.3686870199167,100.0635459647428) (620.3686870199167,100.0635459647428) (620.3686870199167,100.038520555911) (621.3686870199167,100.038520555911) (621.3686870199167,100.0134951470791) (622.3686870199167,100.0134951470791) (622.3686870199167,100) (624.9394833467117,100) (624.9394833467117,126) (625.9394833467117,126) (625.9394833467117,152) (626.9394833467117,152) (626.9394833467117,178) (627.9394833467117,178) (627.9394833467117,204) (628.9394833467117,204) (628.9394833467117,230) (629.9394833467117,230) (629.9394833467117,256) (630.9394833467117,256) (630.9394833467117,282) (631.9394833467117,282) (631.9394833467117,308) (632.9394833467117,308) (632.9394833467117,334) (633.9394833467117,334) (633.9394833467117,360) (634.9394833467117,360) (634.9394833467117,386) (635.9394833467117,386) (635.9394833467117,412) (636.9394833467117,412) (636.9394833467117,438) (637.9394833467117,438) (637.9394833467117,464) (638.9394833467117,464) (638.9394833467117,490) (639.9394833467117,490) (639.9394833467117,516) (640.9394833467117,516) (640.9394833467117,542) (641.9394833467117,542) (641.9394833467117,568) (642.9394833467117,568) (642.9394833467117,594) (643.9394833467117,594) (643.9394833467117,620) (644.9394833467117,620) (644.9394833467117,646) (645.9394833467117,646) (645.9394833467117,672) (646.9394833467117,672) (646.9394833467117,698) (647.9394833467117,698) (647.9394833467117,724) (648.9394833467117,724) (648.9394833467117,750) (649.9394833467117,750) (649.9394833467117,776) (650.9394833467117,776) (650.9394833467117,802) (651.9394833467117,802) (651.9394833467117,828) (652.9394833467117,828) (652.9394833467117,854) (653.9394833467117,854) (653.9394833467117,880) (654.9394833467117,880) (654.9394833467117,906) (655.9394833467117,906) (655.9394833467117,932) (656.9394833467117,932) (656.9394833467117,958) (657.9394833467117,958) (657.9394833467117,984) (658.9394833467117,984) (658.9394833467117,1010) (659.9394833467117,1010) (659.9394833467117,1036) (660.9394833467117,1036) (660.9394833467117,1062) (661.9394833467117,1062) (661.9394833467117,1088) (662.9394833467117,1088) (662.9394833467117,1114) (663.9394833467117,1114) (663.9394833467117,1140) (664.9394833467117,1140) (664.9394833467117,1166) (665.9394833467117,1166) (665.9394833467117,1192) (666.9394833467117,1192) (666.9394833467117,1218) (667.9394833467117,1218) (667.9394833467117,1244) (668.9394833467117,1244) (668.9394833467117,1270) (669.9394833467117,1270) (669.9394833467117,1296) (670.9394833467117,1296) (670.9394833467117,1322) (671.9394833467117,1322) (671.9394833467117,1348) (672.9394833467117,1348) (672.9394833467117,1374) (673.9394833467117,1374) (673.9394833467117,1400) (674.9394833467117,1400) (674.9394833467117,1426) (675.9394833467117,1426) (675.9394833467117,1452) (676.9394833467117,1452) (676.9394833467117,1478) (677.9394833467117,1478) (677.9394833467117,1504) (678.9394833467117,1504) (678.9394833467117,1530) (679.9394833467117,1530) (679.9394833467117,1556) (680.9394833467117,1556) (680.9394833467117,1582) (681.9394833467117,1582) (681.9394833467117,1608) (682.9394833467117,1608) (682.9394833467117,1634) (683.9394833467117,1634) (683.9394833467117,1660) (684.9394833467117,1660) (684.9394833467117,1686) (685.9394833467117,1686) (685.9394833467117,1712) (686.9394833467117,1712) (686.9394833467117,1738) (687.9394833467117,1738) (687.9394833467117,1764) (688.9394833467117,1764) (688.9394833467117,1790) (689.9394833467117,1790) (689.9394833467117,1816) (690.9394833467117,1816) (690.9394833467117,1842) (691.9394833467117,1842) (691.9394833467117,1868) (692.9394833467117,1868) (692.9394833467117,1894) (693.9394833467117,1894) (693.9394833467117,1920) (694.9394833467117,1920) (694.9394833467117,1946) (695.9394833467117,1946) (695.9394833467117,1972) (696.9394833467117,1972) (696.9394833467117,1998) (697.9394833467117,1998) (697.9394833467117,2024) (698.9394833467117,2024) (698.9394833467117,2050) (699.9394833467117,2050) (700,2076)
batteryCharge[1]:
[0]: (0,100) (700,100)
Factory_Pipeline.end:
[0]: (0,0) (700,0)
[2K
Verifying formula 5 at /nta/queries/query[5]/formula
 -- Formula: simulate[<=700]{robot_inventory[0][0], robot_inventory[0][1], robot_inventory[0][2], robot_inventory[1][0], robot_inventory[1][1], robot_inventory[1][2], Factory_Pipeline.end*2}
[2K -- Formula is satisfied.
robot_inventory[0][0]:
[0]: (0,0) (700,0)
robot_inventory[0][1]:
[0]: (0,0) (700,0)
robot_inventory[0][2]:
[0]: (0,0) (700,0)
robot_inventory[1][0]:
[0]: (0,0) (259.3891942967218,0) (259.3891942967218,1) (302.3283821249808,1) (302.3283821249808,0) (700,0)
robot_inventory[1][1]:
[0]: (0,0) (460.5324658464631,0) (460.5324658464631,1) (700,1)
robot_inventory[1][2]:
[0]: (0,0) (700,0)
Factory_Pipeline.end * 2:
[0]: (0,0) (700,0)
[2K
Verifying formula 6 at /nta/queries/query[6]/formula
 -- Formula: simulate[<=700]{warehouse[0], warehouse[1], surface_texturization_start[0], surface_texturization_start[1], surface_texturization_end[0], surface_texturization_end[1], laser_start[0], laser_start[1], laser_end[0], laser_end[1], loading_area[0], loading_area[1]}
[2K -- Formula is satisfied.
warehouse[0]:
[0]: (0,6550) (700,6550)
warehouse[1]:
[0]: (0,3250) (700,3250)
surface_texturization_start[0]:
[0]: (0,6200) (700,6200)
surface_texturization_start[1]:
[0]: (0,3900) (700,3900)
surface_texturization_end[0]:
[0]: (0,6200) (700,6200)
surface_texturization_end[1]:
[0]: (0,100) (700,100)
laser_start[0]:
[0]: (0,4800) (700,4800)
laser_start[1]:
[0]: (0,3900) (700,3900)
laser_end[0]:
[0]: (0,4800) (700,4800)
laser_end[1]:
[0]: (0,100) (700,100)
loading_area[0]:
[0]: (0,250) (700,250)
loading_area[1]:
[0]: (0,250) (700,250)
[2K
Verifying formula 7 at /nta/queries/query[7]/formula
 -- Formula: simulate[<=700]{rm_1.idle, rf_1.idle, rp_1.idle, rd_1.idle, rm_2.idle, rf_2.idle, rp_2.idle, rd_2.idle}
[2K -- Formula is satisfied.
rm_1.idle:
[0]: (0,0) (0,1) (0,0) (700,0)
rf_1.idle:
[0]: (0,0) (0,1) (700,1)
rp_1.idle:
[0]: (0,0) (0,1) (700,1)
rd_1.idle:
[0]: (0,0) (0,1) (700,1)
rm_2.idle:
[0]: (0,0) (0,1) (0,0) (252.343997478741,0) (252.343997478741,1) (256.9158566358499,1) (256.9158566358499,0) (295.8550444641089,0) (295.8550444641089,1) (299.8550444641089,1) (299.8550444641089,0) (449.4305775974919,0) (449.4305775974919,1) (455.8771978034705,1) (455.8771978034705,0) (700,0)
rf_2.idle:
[0]: (0,0) (0,1) (700,1)
rp_2.idle:
[0]: (0,0) (0,1) (251.343997478741,1) (251.343997478741,0) (256.9158566358499,0) (256.9158566358499,1) (448.4305775974919,1) (448.4305775974919,0) (455.8771978034705,0) (455.8771978034705,1) (700,1)
rd_2.idle:
[0]: (0,0) (0,1) (294.8550444641089,1) (294.8550444641089,0) (299.8550444641089,0) (299.8550444641089,1) (700,1)
[2K
Verifying formula 8 at /nta/queries/query[8]/formula
 -- Formula: Pr[<=700](<>!rm_1.idle || !rf_1.idle || !rp_1.idle || !rd_1.idle || !rm_2.idle || !rf_2.idle || !rp_2.idle || !rd_2.idle)
[2K -- Formula is satisfied.
(72/72 runs) Pr(<> …) in [0.950056,1] (95% CI)
Values in [0,0] mean=0 steps=2.22045e-16: 72
[2K
Verifying formula 9 at /nta/queries/query[9]/formula
 -- Formula: Pr[<=700]([] (Factory_Pipeline.end imply (rm_1.idle && rf_1.idle && rp_1.idle && rd_1.idle && rm_2.idle && rf_2.idle && rp_2.idle && rd_2.idle)))
[2K -- Formula is satisfied.
(72/72 runs) Pr([] …) in [0.950056,1] (95% CI)
[2K
Verifying formula 10 at /nta/queries/query[10]/formula
 -- Formula: Pr[<=700] (<> pow(robPositionX[0] - surface_texturization_end[0], 2) + pow(robPositionY[0] - surface_texturization_end[1], 2) <= 900 )
[2K -- Formula is satisfied.
(0/72 runs) Pr(<> …) in [0,0.0499441] (95% CI)
[2K
Verifying formula 11 at /nta/queries/query[11]/formula
 -- Formula: Pr[<=700] (<> pow(robPositionX[0] - surface_texturization_start[0], 2) + pow(robPositionY[0] - surface_texturization_start[1], 2) <= 900 )
[2K -- Formula is satisfied.
(72/72 runs) Pr(<> …) in [0.950056,1] (95% CI)
Values in [429.712,429.712] mean=429.712 steps=2.22045e-16: 72
[2K
Verifying formula 12 at /nta/queries/query[12]/formula
 -- Formula: Pr[<=700] (<> pow(robPositionX[0] - warehouse[0], 2) + pow(robPositionY[0] - warehouse[1], 2) <= 900 )
[2K -- Formula is satisfied.
(0/72 runs) Pr(<> …) in [0,0.0499441] (95% CI)
[2K
Verifying formula 13 at /nta/queries/query[13]/formula
 -- Formula: Pr[<=700] (<> pow(robPositionX[0] - laser_end[0], 2) + pow(robPositionY[0] - laser_end[1], 2) <= 900 )
[2K -- Formula is satisfied.
(0/72 runs) Pr(<> …) in [0,0.0499441] (95% CI)
[2K
Verifying formula 14 at /nta/queries/query[14]/formula
 -- Formula: Pr[<=700] (<> pow(robPositionX[0] - laser_start[0], 2) + pow(robPositionY[0] - laser_start[1], 2) <= 900 )
[2K -- Formula is satisfied.
(72/72 runs) Pr(<> …) in [0.950056,1] (95% CI)
Values in [375.712,375.712] mean=375.712 steps=2.22045e-16: 72
[2K
Verifying formula 15 at /nta/queries/query[15]/formula
 -- Formula: Pr[<=700] (<> pow(robPositionX[0] - loading_area[0], 2) + pow(robPositionY[0] - loading_area[1], 2) <= 900 )
[2K -- Formula is satisfied.
(0/72 runs) Pr(<> …) in [0,0.0499441] (95% CI)
[2K
Verifying formula 16 at /nta/queries/query[16]/formula
 -- Formula: Pr[<=700] (<> pow(robPositionX[1] - surface_texturization_end[0], 2) + pow(robPositionY[1] - surface_texturization_end[1], 2) <= 900 )
[2K -- Formula is satisfied.
(72/72 runs) Pr(<> …) in [0.950056,1] (95% CI)
Values in [448.005,452.835] mean=450.579 steps=0.536697: 11 5 6 6 7 9 9 5 14
[2K
Verifying formula 17 at /nta/queries/query[17]/formula
 -- Formula: Pr[<=700] (<> pow(robPositionX[1] - surface_texturization_start[0], 2) + pow(robPositionY[1] - surface_texturization_start[1], 2) <= 900 )
[2K -- Formula is satisfied.
(72/72 runs) Pr(<> …) in [0.950056,1] (95% CI)
Values in [216,216] mean=216 steps=2.22045e-16: 72
[2K
Verifying formula 18 at /nta/queries/query[18]/formula
 -- Formula: Pr[<=700] (<> pow(robPositionX[1] - warehouse[0], 2) + pow(robPositionY[1] - warehouse[1], 2) <= 900 )
[2K -- Formula is satisfied.
(72/72 runs) Pr(<> …) in [0.950056,1] (95% CI)
Values in [251.344,251.344] mean=251.344 steps=2.22045e-16: 72
[2K
Verifying formula 19 at /nta/queries/query[19]/formula
 -- Formula: Pr[<=700] (<> pow(robPositionX[1] - laser_end[0], 2) + pow(robPositionY[1] - laser_end[1], 2) <= 900 )
[2K -- Formula is satisfied.
(72/72 runs) Pr(<> …) in [0.950056,1] (95% CI)
Values in [510.925,519.186] mean=514.976 steps=0.917891: 4 5 9 16 12 10 5 7 4
[2K
Verifying formula 20 at /nta/queries/query[20]/formula
 -- Formula: Pr[<=700] (<> pow(robPositionX[1] - laser_start[0], 2) + pow(robPositionY[1] - laser_start[1], 2) <= 900 )
[2K -- Formula is satisfied.
(72/72 runs) Pr(<> …) in [0.950056,1] (95% CI)
Values in [162,162] mean=162 steps=2.22045e-16: 72
[2K
Verifying formula 21 at /nta/queries/query[21]/formula
 -- Formula: Pr[<=700] (<> pow(robPositionX[1] - loading_area[0], 2) + pow(robPositionY[1] - loading_area[1], 2) <= 900 )
[2K -- Formula is satisfied.
(0/72 runs) Pr(<> …) in [0,0.0499441] (95% CI)
[2K
Verifying formula 22 at /nta/queries/query[22]/formula
 -- Formula: Pr[<=700] (<> !isValidPosition(robPositionX[0], robPositionY[0]))
 -- Throughput: 502219 runs/sec, Load: 328 runs[K
[2K -- Formula is satisfied.
(0/72 runs) Pr(<> …) in [0,0.0499441] (95% CI)
[2K
Verifying formula 23 at /nta/queries/query[23]/formula
 -- Formula: Pr[<=700] (<> !isValidPosition(robPositionX[1], robPositionY[1]))
 -- Throughput: 335570 runs/sec, Load: 341 runs[K
[2K -- Formula is satisfied.
(0/72 runs) Pr(<> …) in [0,0.0499441] (95% CI)
[2K
Verifying formula 24 at /nta/queries/query[24]/formula
 -- Formula: Pr[<=700] (<> currP > 2)
[2K -- Formula is satisfied.
(0/72 runs) Pr(<> …) in [0,0.0499441] (95% CI)
